latitude_dd,longitude_dd,vdatum,member_name,site_id,site_no,description,networks,state,county,waterbody,horizontal_datum,priority,zone,horizontal_collection_method,perm_housing_installed,peak_summary_id,member_id,peak_date,is_peak_estimated,is_peak_time_estimated,peak_stage,is_peak_stage_estimated,peak_discharge,is_peak_discharge_estimated,vdatum_id,height_above_gnd,is_hag_estimated,time_zone,aep,aep_lowci,aep_upperci,aep_range,calc_notes,last_updated,last_updated_by,member,data_file,hwms,vertical_datums,Links
34.796917,-76.456096,NAVD88,Steve Harden,12128,NCCAR12128,Cape Lookout Cabins & Camps Ferry,"SWaTH, South Atlantic",NC,Carteret County,Core Sound,,,,,No,1869,,10/5/2015 9:02:00 PM,0,0,3.87,0,0,0,,0,0,UTC,,,,,,,,,System.Collections.Generic.HashSet`1[STNDB.data_file],System.Collections.Generic.HashSet`1[STNDB.hwm],,
34.796917,-76.456096,NAVD88,Steve Harden,12128,NCCAR12128,Cape Lookout Cabins & Camps Ferry,"SWaTH, South Atlantic",NC,Carteret County,Core Sound,,,,,No,1881,,10/5/2015 9:02:00 PM,0,0,3.87,0,0,0,,0,0,UTC,,,,,,,,,System.Collections.Generic.HashSet`1[STNDB.data_file],System.Collections.Generic.HashSet`1[STNDB.hwm],,
34.879618,-76.340158,NAVD88,Steve Harden,12168,NCCAR12168,Luther Smith & Son Fish House,"South Atlantic, SWaTH",NC,Carteret County,Core Sound,,,,,No,1882,,10/5/2015 8:18:00 PM,0,0,4.65,0,0,0,,0,0,UTC,,,,,,,,,System.Collections.Generic.HashSet`1[STNDB.data_file],System.Collections.Generic.HashSet`1[STNDB.hwm],,
34.717341,-76.670888,NAVD88,Steve Harden,12248,NCCAR12248,Duke Marine Lab,"South Atlantic, SWaTH",NC,Carteret County,Taylor Creek,,,,,No,1883,,10/4/2015 5:49:00 PM,0,0,3.68,0,0,0,,0,0,UTC,,,,,,,,,System.Collections.Generic.HashSet`1[STNDB.data_file],System.Collections.Generic.HashSet`1[STNDB.hwm],,
34.696747,-76.726978,NAVD88,Steve Harden,12328,NCCAR12328,Oceanna Fishing Pier,"SWaTH, South Atlantic",NC,Carteret County,Atlantic Ocean,,,,,No,1884,,10/3/2015 4:10:00 PM,0,0,6.34,0,0,0,,0,0,UTC,,,,,,,,,System.Collections.Generic.HashSet`1[STNDB.data_file],System.Collections.Generic.HashSet`1[STNDB.hwm],,
34.690228,-76.895685,NAVD88,Steve Harden,12409,NCCAR12409,Tradewinds Marina,"South Atlantic, SWaTH",NC,Carteret County,Bogue Sound,,,,,No,1885,,10/4/2015 8:20:00 PM,0,0,3.89,0,0,0,,0,0,UTC,,,,,,,,,System.Collections.Generic.HashSet`1[STNDB.data_file],System.Collections.Generic.HashSet`1[STNDB.hwm],,
34.660454,-77.03399,NAVD88,Steve Harden,12412,NCCAR12412,Bogue Inlet Pier,"SWaTH, South Atlantic",NC,Carteret County,Atlantic Ocean,,,,,No,1886,,10/3/2015 4:23:00 PM,0,0,7.28,0,0,0,,0,0,UTC,,,,,,,,,System.Collections.Generic.HashSet`1[STNDB.data_file],System.Collections.Generic.HashSet`1[STNDB.hwm],,
34.684809,-76.526024,NAVD88,Steve Harden,6847,NCCAR00001,Cape Lookout National Seashore Visitor Center at Harkers Island,"South Atlantic, SWaTH",NC,Carteret County,Back Sound,,,,,No,1887,,10/5/2015 7:33:00 PM,0,0,4.01,0,0,0,,0,0,UTC,,,,,,,,,System.Collections.Generic.HashSet`1[STNDB.data_file],System.Collections.Generic.HashSet`1[STNDB.hwm],,
34.648081,-77.095668,NAVD88,Steve Harden,6844,NCCAR00005,Emerald Isle Coast Guard Station,"SWaTH, South Atlantic",NC,Carteret County,Bank Channel at Bogue Inlet,,,,,No,1888,,10/4/2015 6:04:00 PM,0,0,3.77,0,0,0,,0,0,UTC,,,,,,,,,System.Collections.Generic.HashSet`1[STNDB.data_file],System.Collections.Generic.HashSet`1[STNDB.hwm],,
36.371914,-75.822874,NAVD88,Steve Harden,6971,NCCUR00001,Corolla Light Resort Beachside Deck,"South Atlantic, SWaTH",NC,Currituck County,Atlantic Ocean,,,,,No,1889,,10/4/2015 6:09:00 PM,0,0,10.39,0,0,0,,0,0,UTC,,,,,,,,,System.Collections.Generic.HashSet`1[STNDB.data_file],System.Collections.Generic.HashSet`1[STNDB.hwm],,
36.374057,-75.83327,NAVD88,Steve Harden,6973,NCCUR00002,Outer Banks Center for Wildlife Education,"South Atlantic, SWaTH",NC,Currituck County,Currituck Sound,,,,,No,1891,,10/4/2015 12:12:00 AM,0,0,0.87,0,0,0,,0,0,UTC,,,,,,,,,System.Collections.Generic.HashSet`1[STNDB.data_file],System.Collections.Generic.HashSet`1[STNDB.hwm],,
35.90963,-75.602093,NAVD88,Steve Harden,12631,NCDAR12631,The Landings at Sugar Creek,"SWaTH, South Atlantic",NC,Dare County,Roanoke Sound,,,,,No,1892,,10/7/2015 12:07:00 PM,0,0,1.85,0,0,0,,0,0,UTC,,,,,,,,,System.Collections.Generic.HashSet`1[STNDB.data_file],System.Collections.Generic.HashSet`1[STNDB.hwm],,
35.973076,-75.63148,NAVD88,Steve Harden,12633,NCDAR12633,Nags Head Fishing Pier,"SWaTH, South Atlantic",NC,Dare County,Atlantic Ocean,,,,,No,1893,,10/4/2015 7:00:00 PM,0,0,10.21,0,0,0,,0,0,UTC,,,,,,,,,System.Collections.Generic.HashSet`1[STNDB.data_file],System.Collections.Generic.HashSet`1[STNDB.hwm],,
36.044318,-75.674408,NAVD88,Steve Harden,13668,NCDAR13668,Avalon Fishing Pier,"SWaTH, South Atlantic",NC,Dare County,Atlantic Ocean,,,,,No,1894,,10/5/2015 6:38:00 PM,0,0,9.05,0,0,0,,0,0,UTC,,,,,,,,,System.Collections.Generic.HashSet`1[STNDB.data_file],System.Collections.Generic.HashSet`1[STNDB.hwm],,
36.101259,-75.711083,NAVD88,Steve Harden,12669,NCDAR12669,Hilton Garden Inn Pier,"South Atlantic, SWaTH",NC,Dare County,Atlantic Ocean,,,,,No,1895,,10/6/2015 5:52:00 PM,0,0,9.74,0,0,0,,0,0,UTC,,,,,,,,,System.Collections.Generic.HashSet`1[STNDB.data_file],System.Collections.Generic.HashSet`1[STNDB.hwm],,
35.767546,-75.525921,NAVD88,Steve Harden,12688,NCDAR12688,Oregon Inlet access area at south end of Herbert Bonner Bridge,"SWaTH, South Atlantic",NC,Dare County,Oregon Inlet at Atlantic Ocean,,,,,No,1896,,10/4/2015 6:00:00 PM,0,0,3.76,0,0,0,,0,0,UTC,,,,,,,,,System.Collections.Generic.HashSet`1[STNDB.data_file],System.Collections.Generic.HashSet`1[STNDB.hwm],,
35.583299,-75.468634,NAVD88,Steve Harden,12709,NCDAR12709,Waves Village Watersports Resort,"SWaTH, South Atlantic",NC,Dare County,Pamlico Sound,,,,,No,1897,,10/6/2015 11:01:00 PM,0,0,2.38,0,0,0,,0,0,UTC,,,,,,,,,System.Collections.Generic.HashSet`1[STNDB.data_file],System.Collections.Generic.HashSet`1[STNDB.hwm],,
35.229464,-75.6353,NAVD88,Steve Harden,12748,NCDAR12748,Surf on Sound Dr at Joe Sauer Creek,"South Atlantic, SWaTH",NC,Dare County,Joe Sauer Ck at Pamlico Sound,,,,,No,1898,,10/6/2015 9:00:00 AM,0,0,2.84,0,0,0,,0,0,UTC,,,,,,,,,System.Collections.Generic.HashSet`1[STNDB.data_file],System.Collections.Generic.HashSet`1[STNDB.hwm],,
35.207906,-75.702839,NAVD88,Steve Harden,6896,NCDAR00001,Cape Hatteras Ferry Terminal,"SWaTH, South Atlantic",NC,Dare County,Hatteras Inlet at Pamlico Sound,,,,,No,1899,,10/6/2015 9:21:00 PM,0,0,3.49,0,0,0,,0,0,UTC,,,,,,,,,System.Collections.Generic.HashSet`1[STNDB.data_file],System.Collections.Generic.HashSet`1[STNDB.hwm],,
35.347288,-75.50095,NAVD88,Steve Harden,6911,NCDAR00003,Avon Fishing Pier,"SWaTH, South Atlantic",NC,Dare County,Atlantic Ocean,,,,,No,1900,,10/5/2015 5:57:00 PM,0,0,8.89,0,0,0,,0,0,UTC,,,,,,,,,System.Collections.Generic.HashSet`1[STNDB.data_file],System.Collections.Generic.HashSet`1[STNDB.hwm],,
35.350154,-75.511965,NAVD88,Steve Harden,6912,NCDAR00004,Avon Seafood,"South Atlantic, SWaTH",NC,Dare County,Pamlico Sound,,,,,No,1901,,10/6/2015 10:48:00 PM,0,0,2.59,0,0,0,,0,0,UTC,,,,,,,,,System.Collections.Generic.HashSet`1[STNDB.data_file],System.Collections.Generic.HashSet`1[STNDB.hwm],,
36.221681,-75.771849,NAVD88,Steve Harden,6969,NCDAR00008,Paper Canoe Restaurant at Currituck Sound,"South Atlantic, SWaTH",NC,Dare County,Currituck Sound,,,,,No,1902,,10/3/2015 11:41:00 PM,0,0,1.61,0,0,0,,0,0,UTC,,,,,,,,,System.Collections.Generic.HashSet`1[STNDB.data_file],System.Collections.Generic.HashSet`1[STNDB.hwm],,
35.909968,-75.595824,NAVD88,Steve Harden,6950,NCDAR00009,Jennette's Pier,"South Atlantic, SWaTH",NC,Dare County,Atlantic Ocean,,,,,No,1903,,10/5/2015 5:15:00 PM,0,0,9.42,0,0,0,,0,0,UTC,,,,,,,,,System.Collections.Generic.HashSet`1[STNDB.data_file],System.Collections.Generic.HashSet`1[STNDB.hwm],,
35.698312,-75.770435,NAVD88,Steve Harden,6939,NCDAR00010,Stumpy Point Emergency Ferry Landing,"SWaTH, South Atlantic",NC,Dare County,Stumpy Point Bay - Pamlico Sound,,,,,No,1904,,10/3/2015 9:18:00 PM,0,0,2.51,0,0,0,,0,0,UTC,,,,,,,,,System.Collections.Generic.HashSet`1[STNDB.data_file],System.Collections.Generic.HashSet`1[STNDB.hwm],,
35.91042,-75.770223,NAVD88,Steve Harden,6951,NCDAR00011,Manns Harbor Access Area,"South Atlantic, SWaTH",NC,Dare County,Croatan Sound,,,,,No,1905,,10/3/2015 7:56:00 PM,0,0,1.89,0,0,0,,0,0,UTC,,,,,,,,,System.Collections.Generic.HashSet`1[STNDB.data_file],System.Collections.Generic.HashSet`1[STNDB.hwm],,
35.266211,-75.519356,NAVD88,Christopher Nealen,12790,NCDAR12790,Lighthouse View Motel,"South Atlantic, SWaTH",NC,Dare County,Atlantic Ocean,,,,,No,1906,,10/5/2015 12:00:00 AM,1,0,5.7,0,0,0,,0,0,UTC,,,,,,,,,System.Collections.Generic.HashSet`1[STNDB.data_file],System.Collections.Generic.HashSet`1[STNDB.hwm],,
34.687525,-77.116884,NAVD88,Steve Harden,6849,NCONS00001,Swansboro Bicentennial Park,"SWaTH, South Atlantic",NC,Onslow County,White Oak River,,,,,No,1907,,10/4/2015 7:32:00 PM,0,0,3.54,0,0,0,,0,0,UTC,,,,,,,,,System.Collections.Generic.HashSet`1[STNDB.data_file],System.Collections.Generic.HashSet`1[STNDB.hwm],,
34.576247,-77.39544,NAVD88,Steve Harden,13128,NCONS13128,Old Ferry Marina,"South Atlantic, SWaTH",NC,Onslow County,New River,,,,,No,1908,,10/4/2015 7:12:00 PM,0,0,3.17,0,0,0,,0,0,UTC,,,,,,,,,System.Collections.Generic.HashSet`1[STNDB.data_file],System.Collections.Generic.HashSet`1[STNDB.hwm],,
35.905496,-76.028833,NAVD88,Michal Niemoczynski,13568,NCTYR13568,Alligator River Marina,"SWaTH, South Atlantic",NC,Tyrrell County,Alligator River,,,,,No,1909,,10/4/2015 5:12:00 PM,0,0,2.31,0,0,0,,0,0,UTC,,,,,,,,,System.Collections.Generic.HashSet`1[STNDB.data_file],System.Collections.Generic.HashSet`1[STNDB.hwm],,
35.585065,-75.461409,NAVD88,Steve Harden,12788,NCDAR12788,Rodanthe Pier,"South Atlantic, SWaTH",NC,Dare County,Atlantic Ocean,,,,,No,1919,,10/4/2015 5:51:00 PM,0,0,8.21,0,0,0,,0,0,UTC,,,,,,,,,System.Collections.Generic.HashSet`1[STNDB.data_file],System.Collections.Generic.HashSet`1[STNDB.hwm],,
34.214237,-77.788392,NAVD88,Steve Harden,6834,NCNEW00006,Johnnie Mercer's Pier,"South Atlantic, SWaTH",NC,New Hanover County,Atlantic Ocean,,,,,No,2228,,10/8/2016 2:34:00 PM,0,0,10.01,0,,0,,,,EST,,,,,Based on maximum unfiltered water elevation measured with deployed pressure transducer.,,,,System.Collections.Generic.HashSet`1[STNDB.data_file],System.Collections.Generic.HashSet`1[STNDB.hwm],,
34.189182,-77.81284,NAVD88,Steve Harden,6833,NCNEW00005,USCG Station at Wrightsville Beach,"SWaTH, South Atlantic",NC,New Hanover County,Shinn Creek - Masonboro Inlet-Atlantic Ocean,,,,,No,2233,,10/8/2016 5:33:00 PM,0,0,5.08,0,,0,,,,EST,,,,,Based on maximum unfiltered water elevation measured with deployed pressure transducer.,,,,System.Collections.Generic.HashSet`1[STNDB.data_file],System.Collections.Generic.HashSet`1[STNDB.hwm],,
34.424783,-77.545347,NAVD88,Laura Gurley,13368,NCPEN13368,Surf City Pier,"SWaTH, South Atlantic",NC,Pender County,Atlantic Ocean,,,,,No,2235,,10/8/2016 8:24:00 PM,0,0,10.28,0,,0,,,,UTC,,,,,Based on maximum unfiltered water elevation measured with deployed pressure transducer.,,,,System.Collections.Generic.HashSet`1[STNDB.data_file],System.Collections.Generic.HashSet`1[STNDB.hwm],,
35.393542,-76.328485,NAVD88,Steve Harden,6916,NCHYD00001,Swan Quarter Ferry Terminal,"South Atlantic, SWaTH",NC,Hyde County,Swan Quarter Bay - Pamlico Sound,,,,,No,2236,,10/9/2016 11:42:00 PM,0,0,2.94,0,,0,,,,UTC,,,,,Based on maximum unfiltered water elevation measured with deployed pressure transducer.,,,,System.Collections.Generic.HashSet`1[STNDB.data_file],System.Collections.Generic.HashSet`1[STNDB.hwm],,
34.935825,-76.810737,NAVD88,Laura Gurley,6863,NCCRV00003,Cherry Branch Ferry Terminal,"South Atlantic, SWaTH",NC,Craven County,Neuse River,,,,,No,2247,,10/9/2016 6:00:00 PM,0,0,3.89,0,,0,,,,UTC,,,,,Based on maximum unfiltered water elevation measured with deployed pressure transducer.,,,,System.Collections.Generic.HashSet`1[STNDB.data_file],System.Collections.Generic.HashSet`1[STNDB.hwm],,
35.207906,-75.702839,NAVD88,Steve Harden,6896,NCDAR00001,Cape Hatteras Ferry Terminal,"SWaTH, South Atlantic",NC,Dare County,Hatteras Inlet at Pamlico Sound,,,,,No,2258,,10/9/2016 10:01:00 AM,0,0,7.07,0,,0,,,,UTC,,,,,Based on maximum unfiltered water elevation measured with deployed pressure transducer.,,,,System.Collections.Generic.HashSet`1[STNDB.data_file],System.Collections.Generic.HashSet`1[STNDB.hwm],,
35.266519,-75.557625,NAVD88,Steve Harden,6901,NCDAR00002,Bulkhead at sound behind Scott's Boat Yard,"South Atlantic, SWaTH",NC,Dare County,Pamlico Sound,,,,,No,2263,,10/9/2016 9:40:00 AM,0,0,9.33,0,,0,,,,UTC,,,,,Based on maximum unfiltered water elevation measured with deployed pressure transducer.,,,,System.Collections.Generic.HashSet`1[STNDB.data_file],System.Collections.Generic.HashSet`1[STNDB.hwm],,
35.244932,-76.59166,NAVD88,Laura Gurley,13270,NCPAM13270,R.E. Mayo Seafood,"SWaTH, South Atlantic",NC,Pamlico County,AIW between Bay River and Goose Creek,,,,,No,2264,,10/8/2016 11:00:00 PM,0,0,3.15,0,,0,,,,UTC,,,,,Based on maximum unfiltered water elevation measured with deployed pressure transducer.,,,,System.Collections.Generic.HashSet`1[STNDB.data_file],System.Collections.Generic.HashSet`1[STNDB.hwm],,
35.266211,-75.519356,NAVD88,Steve Harden,12790,NCDAR12790,Lighthouse View Motel,"South Atlantic, SWaTH",NC,Dare County,Atlantic Ocean,,,,,No,2265,,10/9/2016 10:04:00 AM,0,0,7.43,0,,0,,,,UTC,,,,,Based on maximum unfiltered water elevation measured with deployed pressure transducer.,,,,System.Collections.Generic.HashSet`1[STNDB.data_file],System.Collections.Generic.HashSet`1[STNDB.hwm],,
35.532854,-76.614691,NAVD88,Laura Gurley,13648,NCBEA13648,River Forest Manor and Marina,"South Atlantic, SWaTH",NC,Beaufort County,Pantego Ck - Pungo River,,,,,No,2266,,10/8/2016 11:40:00 PM,0,0,3.44,0,,0,,,,UTC,,,,,Based on maximum unfiltered water elevation measured with deployed pressure transducer.,,,,System.Collections.Generic.HashSet`1[STNDB.data_file],System.Collections.Generic.HashSet`1[STNDB.hwm],,
35.90963,-75.602093,NAVD88,Steve Harden,12631,NCDAR12631,The Landings at Sugar Creek,"SWaTH, South Atlantic",NC,Dare County,Roanoke Sound,,,,,No,2268,,10/9/2016 8:57:00 AM,0,0,4.43,0,,0,,,,UTC,,,,,Based on maximum unfiltered water elevation measured with deployed pressure transducer.,,,,System.Collections.Generic.HashSet`1[STNDB.data_file],System.Collections.Generic.HashSet`1[STNDB.hwm],,
34.796917,-76.456096,NAVD88,Laura Gurley,12128,NCCAR12128,Cape Lookout Cabins & Camps Ferry,"SWaTH, South Atlantic",NC,Carteret County,Core Sound,,,,,No,2269,,10/8/2016 9:21:00 PM,0,0,3.26,0,,0,,,,UTC,,,,,Based on maximum unfiltered water elevation measured with deployed pressure transducer.,,,,System.Collections.Generic.HashSet`1[STNDB.data_file],System.Collections.Generic.HashSet`1[STNDB.hwm],,
35.973076,-75.63148,NAVD88,Steve Harden,12633,NCDAR12633,Nags Head Fishing Pier,"SWaTH, South Atlantic",NC,Dare County,Atlantic Ocean,,,,,No,2271,,10/9/2016 2:46:00 PM,0,0,9.79,0,,0,,,,UTC,,,,,Based on maximum unfiltered water elevation measured with deployed pressure transducer.,,,,System.Collections.Generic.HashSet`1[STNDB.data_file],System.Collections.Generic.HashSet`1[STNDB.hwm],,
34.687525,-77.116884,NAVD88,Laura Gurley,6849,NCONS00001,Swansboro Bicentennial Park,"SWaTH, South Atlantic",NC,Onslow County,White Oak River,,,,,No,2274,,10/8/2016 8:26:00 PM,0,0,4.21,0,,0,,,,UTC,,,,,Based on maximum unfiltered water elevation measured with deployed pressure transducer.,,,,System.Collections.Generic.HashSet`1[STNDB.data_file],System.Collections.Generic.HashSet`1[STNDB.hwm],,
33.882117,-78.511101,NAVD88,Laura Gurley,11893,NCBRU11893,Sunset Beach Boating Access Area,"SWaTH, South Atlantic",NC,Brunswick County,AIW,,,,,No,2287,,10/8/2016 5:46:00 PM,0,0,7.01,0,,0,,,,UTC,,,,,Based on maximum unfiltered water elevation measured with deployed pressure transducer.,,,,System.Collections.Generic.HashSet`1[STNDB.data_file],System.Collections.Generic.HashSet`1[STNDB.hwm],,
33.866917,-78.506352,NAVD88,Steve Harden,13608,NCBRU13608,Sunset Beach Public Access Area,"SWaTH, South Atlantic",NC,Brunswick County,Atlantic Ocean,,,,,No,2288,,10/8/2016 6:00:00 PM,0,0,11.08,0,,0,,,,UTC,,,,,Based on maximum unfiltered water elevation measured with deployed pressure transducer.,,,,System.Collections.Generic.HashSet`1[STNDB.data_file],System.Collections.Generic.HashSet`1[STNDB.hwm],,
33.895108,-78.439372,NAVD88,Laura Gurley,6827,NCBRU00014,Ocean Isle Beach Boating Access,"SWaTH, South Atlantic",NC,Brunswick County,Atlantic Intracoastal Waterway,,,,,No,2290,,10/8/2016 5:56:00 PM,0,0,6.95,0,,0,,,,UTC,,,,,Based on maximum unfiltered water elevation measured with deployed pressure transducer.,,,,System.Collections.Generic.HashSet`1[STNDB.data_file],System.Collections.Generic.HashSet`1[STNDB.hwm],,
33.912753,-78.146947,NAVD88,Steve Harden,11888,NCBRU11888,Ocean Crest Fishing Pier,"SWaTH, South Atlantic",NC,Brunswick County,Atlantic Ocean,,,,,No,2292,,10/8/2016 5:30:00 PM,0,0,9.74,0,,0,,,,UTC,,,,,Based on maximum unfiltered water elevation measured with deployed pressure transducer.,,,,System.Collections.Generic.HashSet`1[STNDB.data_file],System.Collections.Generic.HashSet`1[STNDB.hwm],,
33.917351,-78.267501,NAVD88,Laura Gurley,12008,NCBRU12008,Holden Beach Marina at AIW,"South Atlantic, SWaTH",NC,Brunswick County,AIW,,,,,No,2293,,10/8/2016 5:55:00 PM,0,0,6.51,0,,0,,,,UTC,,,,,Based on maximum unfiltered water elevation measured with deployed pressure transducer.,,,,System.Collections.Generic.HashSet`1[STNDB.data_file],System.Collections.Generic.HashSet`1[STNDB.hwm],,
33.925757,-78.144644,NAVD88,Steve Harden,11890,NCBRU11890,Waterway Park at AIW,"SWaTH, South Atlantic",NC,Brunswick County,AIW,,,,,No,2294,,10/8/2016 6:22:00 PM,0,0,6.07,0,,0,,,,UTC,,,,,,,,,System.Collections.Generic.HashSet`1[STNDB.data_file],System.Collections.Generic.HashSet`1[STNDB.hwm],,
33.895474,-78.018815,NAVD88,Laura Gurley,12048,NCBRU12048,NC Baptist Assembly at Ft Caswell,"SWaTH, South Atlantic",NC,Brunswick County,Elizabeth River at Cape Fear River,,,,,No,2298,,10/8/2016 6:07:00 PM,0,0,5.83,0,,0,,,,UTC,,,,,Based on maximum unfiltered water elevation measured with deployed pressure transducer.,,,,System.Collections.Generic.HashSet`1[STNDB.data_file],System.Collections.Generic.HashSet`1[STNDB.hwm],,
34.077879,-77.887454,NAVD88,Laura Gurley,12928,NCNEW12928,Inlet Watch Yacht Club,"South Atlantic, SWaTH",NC,New Hanover County,AIW at Carolina Beach Inlet,,,,,No,2299,,10/8/2016 5:47:00 PM,0,0,5.18,0,,0,,,,UTC,,,,,Based on maximum unfiltered water elevation measured with deployed pressure transducer.,,,,System.Collections.Generic.HashSet`1[STNDB.data_file],System.Collections.Generic.HashSet`1[STNDB.hwm],,
33.886656,-78.435976,NAVD88,Laura Gurley,6824,NCBRU00012,Ocean Isle Pier,"South Atlantic, SWaTH",NC,Brunswick County,Atlantic Ocean,,,,,No,2303,,10/8/2016 5:20:00 PM,0,0,9.91,0,,0,,,,UTC,,,,,Based on maximum unfiltered water elevation measured with deployed pressure transducer.,,,,System.Collections.Generic.HashSet`1[STNDB.data_file],System.Collections.Generic.HashSet`1[STNDB.hwm],,
33.913979,-78.373799,NAVD88,Laura Gurley,11908,NCBRU11908,Village Point Rd at Bowen Point,"South Atlantic, SWaTH",NC,Brunswick County,AIW,,,,,No,2304,,10/8/2016 5:57:00 PM,0,0,7.04,0,,0,,,,UTC,,,,,Based on maximum unfiltered water elevation measured with deployed pressure transducer.,,,,System.Collections.Generic.HashSet`1[STNDB.data_file],System.Collections.Generic.HashSet`1[STNDB.hwm],,
33.921749,-78.237833,NAVD88,Laura Gurley,11909,NCBRU11909,Stone Chimney Rd at Lockwoods Folly Inlet,"SWaTH, South Atlantic",NC,Brunswick County,AIW - Lockwoods Folly Inlet,,,,,No,2307,,10/8/2016 5:49:00 PM,0,0,7.32,0,,0,,,,UTC,,,,,Based on maximum unfiltered water elevation measured with deployed pressure transducer.,,,,System.Collections.Generic.HashSet`1[STNDB.data_file],System.Collections.Generic.HashSet`1[STNDB.hwm],,
33.910831,-78.297217,NAVD88,Laura Gurley,11868,NCBRU11868,Holden Beach Fishing Pier,"SWaTH, South Atlantic",NC,Brunswick County,Atlantic Ocean,,,,,No,2308,,10/8/2016 5:10:00 PM,0,0,10.38,0,,0,,,,UTC,,,,,Based on maximum unfiltered water elevation measured with deployed pressure transducer.,,,,System.Collections.Generic.HashSet`1[STNDB.data_file],System.Collections.Generic.HashSet`1[STNDB.hwm],,
33.997868,-77.90542,NAVD88,Laura Gurley,6830,NCNEW00003,Kure Beach Fishing Pier,"SWaTH, South Atlantic",NC,New Hanover County,Atlantic Ocean,,,,,No,2309,,10/8/2016 4:39:00 PM,0,0,8.11,0,,0,,,,UTC,,,,,Based on maximum unfiltered water elevation measured with deployed pressure transducer.,,,,System.Collections.Generic.HashSet`1[STNDB.data_file],System.Collections.Generic.HashSet`1[STNDB.hwm],,
33.961281,-77.939748,NAVD88,Laura Gurley,6829,NCNEW00002,Fort Fisher Ferry Terminal,"South Atlantic, SWaTH",NC,New Hanover County,Cape Fear River,,,,,No,2310,,10/8/2016 6:49:00 PM,0,0,5.55,0,,0,,,,UTC,,,,,Based on maximum unfiltered water elevation measured with deployed pressure transducer.,,,,System.Collections.Generic.HashSet`1[STNDB.data_file],System.Collections.Generic.HashSet`1[STNDB.hwm],,
34.05068,-77.919022,NAVD88,Laura Gurley,12908,NCNEW12908,Carolina Beach State Park Marina,"South Atlantic, SWaTH",NC,New Hanover County,Cape Fear River at Snows Cut,,,,,No,2311,,10/8/2016 6:55:00 PM,0,0,5.48,0,,0,,,,UTC,,,,,Based on maximum unfiltered water elevation measured with deployed pressure transducer.,,,,System.Collections.Generic.HashSet`1[STNDB.data_file],System.Collections.Generic.HashSet`1[STNDB.hwm],,
34.218354,-77.81145,NAVD88,Laura Gurley,13008,NCNEW13008,Wrightsville Beach Boating Access,"South Atlantic, SWaTH",NC,New Hanover County,Atlantic Intracoastal Waterway,,,,,No,2312,,10/8/2016 5:17:00 PM,0,0,5.22,0,,0,,,,UTC,,,,,,,,,System.Collections.Generic.HashSet`1[STNDB.data_file],System.Collections.Generic.HashSet`1[STNDB.hwm],,
35.987815,-76.1846,NAVD88,Steve Harden,13548,NCTYR13548,Soundside Road at Albemarle Sound,"South Atlantic, SWaTH",NC,Tyrrell County,Albemarle Sound,,,,,No,2313,,10/9/2016 7:53:00 AM,0,0,6.32,0,,0,,,,UTC,,,,,Based on maximum unfiltered water elevation measured with deployed pressure transducer.,,,,System.Collections.Generic.HashSet`1[STNDB.data_file],System.Collections.Generic.HashSet`1[STNDB.hwm],,
34.235308,-77.776704,NAVD88,Laura Gurley,13629,NCNEW13629,N. Lumina Ave at Shell Island,"SWaTH, South Atlantic",NC,New Hanover County,Sound side near Mason Inlet,,,,,No,2314,,10/8/2016 5:46:00 PM,0,0,5.26,0,,0,,,,UTC,,,,,Based on maximum unfiltered water elevation measured with deployed pressure transducer.,,,,System.Collections.Generic.HashSet`1[STNDB.data_file],System.Collections.Generic.HashSet`1[STNDB.hwm],,
36.3031,-76.216375,NAVD88,Steve Harden,13288,NCPAS13288,Mid-Atlantic Christian University,"SWaTH, South Atlantic",NC,Pasquotank County,Pasquotank River,,,,,No,2315,,10/9/2016 3:43:00 AM,0,0,0.86,0,,0,,,,UTC,,,,,Based on maximum unfiltered water elevation measured with deployed pressure transducer.,,,,System.Collections.Generic.HashSet`1[STNDB.data_file],System.Collections.Generic.HashSet`1[STNDB.hwm],,
34.311277,-77.732979,NAVD88,Laura Gurley,6838,NCPEN00001,Scotts Hill Marina,"SWaTH, South Atlantic",NC,Pender County,AIW near Rich Inlet,,,,,No,2316,,10/8/2016 5:06:00 PM,0,0,5.36,0,,0,,,,UTC,,,,,,,,,System.Collections.Generic.HashSet`1[STNDB.data_file],System.Collections.Generic.HashSet`1[STNDB.hwm],,
34.502857,-77.39649,NAVD88,Laura Gurley,6841,NCONS00002,Seaview Fishing Pier,"SWaTH, South Atlantic",NC,Onslow County,Atlantic Ocean,,,,,No,2320,,10/8/2016 6:08:00 PM,0,0,6.61,0,,0,,,,UTC,,,,,Based on maximum unfiltered water elevation measured with deployed pressure transducer.,,,,System.Collections.Generic.HashSet`1[STNDB.data_file],System.Collections.Generic.HashSet`1[STNDB.hwm],,
34.543665,-77.360821,NAVD88,Laura Gurley,13168,NCONS13168,New River Marina,"SWaTH, South Atlantic",NC,Onslow County,New River at AIW,,,,,No,2322,,10/8/2016 7:23:00 PM,0,0,3.15,0,,0,,,,UTC,,,,,Based on maximum unfiltered water elevation measured with deployed pressure transducer.,,,,System.Collections.Generic.HashSet`1[STNDB.data_file],System.Collections.Generic.HashSet`1[STNDB.hwm],,
34.648081,-77.095668,NAVD88,Laura Gurley,6844,NCCAR00005,Emerald Isle Coast Guard Station,"SWaTH, South Atlantic",NC,Carteret County,Bank Channel at Bogue Inlet,,,,,No,2324,,10/8/2016 6:48:00 PM,0,0,4.27,0,,0,,,,UTC,,,,,Based on maximum unfiltered water elevation measured with deployed pressure transducer.,,,,System.Collections.Generic.HashSet`1[STNDB.data_file],System.Collections.Generic.HashSet`1[STNDB.hwm],,
36.193057,-76.454374,NAVD88,Laura Gurley,6967,NCPER00001,Hwy 17 at Perquimans River,"SWaTH, South Atlantic",NC,Perquimans County,Perquimans River,,,,,No,2327,,10/9/2016 2:40:00 AM,0,0,3.06,0,,0,,,,UTC,,,,,Based on maximum unfiltered water elevation measured with deployed pressure transducer.,,,,System.Collections.Generic.HashSet`1[STNDB.data_file],System.Collections.Generic.HashSet`1[STNDB.hwm],,
34.96749,-76.807108,NAVD88,Laura Gurley,13230,NCPAM13230,Minnesott Beach Ferry Terminal,"South Atlantic, SWaTH",NC,Pamlico County,Neuse River,,,,,No,2329,,10/9/2016 12:44:00 PM,0,0,4.65,0,,0,,,,UTC,,,,,Based on maximum unfiltered water elevation measured with deployed pressure transducer.,,,,System.Collections.Generic.HashSet`1[STNDB.data_file],System.Collections.Generic.HashSet`1[STNDB.hwm],,
35.082744,-76.600771,NAVD88,Laura Gurley,13248,NCPAM13248,River Dunes Marina,"South Atlantic, SWaTH",NC,Pamlico County,Broad Creek at Neuse River,,,,,No,2330,,10/9/2016 12:49:00 PM,0,0,3.15,0,,0,,,,UTC,,,,,Based on maximum unfiltered water elevation measured with deployed pressure transducer.,,,,System.Collections.Generic.HashSet`1[STNDB.data_file],System.Collections.Generic.HashSet`1[STNDB.hwm],,
35.377094,-76.748209,NAVD88,Laura Gurley,11728,NCBEA11728,Aurora Ferry Terminal,"SWaTH, South Atlantic",NC,Beaufort County,Pamlico River,,,,,No,2331,,10/8/2016 10:21:00 PM,0,0,4.71,0,,0,,,,UTC,,,,,Based on maximum unfiltered water elevation measured with deployed pressure transducer.,,,,System.Collections.Generic.HashSet`1[STNDB.data_file],System.Collections.Generic.HashSet`1[STNDB.hwm],,
36.221681,-75.771849,NAVD88,Steve Harden,6969,NCDAR00008,Paper Canoe Restaurant at Currituck Sound,"South Atlantic, SWaTH",NC,Dare County,Currituck Sound,,,,,No,2332,,10/9/2016 6:18:00 AM,0,0,2.86,0,,0,,,,UTC,,,,,Based on maximum unfiltered water elevation measured with deployed pressure transducer.,,,,System.Collections.Generic.HashSet`1[STNDB.data_file],System.Collections.Generic.HashSet`1[STNDB.hwm],,
34.058474,-77.888678,NAVD88,Laura Gurley,12888,NCNEW12888,Joyner Marina at Snows Cut,"SWaTH, South Atlantic",NC,New Hanover County,AIW at Snows Cut,,,,,No,2333,,10/8/2016 6:13:00 PM,0,0,5.18,0,,0,,,,UTC,,,,,Based on maximum unfiltered water elevation measured with deployed pressure transducer.,,,,System.Collections.Generic.HashSet`1[STNDB.data_file],System.Collections.Generic.HashSet`1[STNDB.hwm],,
36.101259,-75.711083,NAVD88,Steve Harden,12669,NCDAR12669,Hilton Garden Inn Pier,"South Atlantic, SWaTH",NC,Dare County,Atlantic Ocean,,,,,No,2334,,10/9/2016 7:07:00 PM,0,0,8.63,0,,0,,,,UTC,,,,,Based on maximum unfiltered water elevation measured with deployed pressure transducer.,,,,System.Collections.Generic.HashSet`1[STNDB.data_file],System.Collections.Generic.HashSet`1[STNDB.hwm],,
35.477181,-76.815632,NAVD88,Steve Harden,11768,NCBEA11768,Bath Harbor Marina & Motel,"South Atlantic, SWaTH",NC,Beaufort County,Bath Creek,,,,,No,2335,,10/8/2016 10:51:00 PM,0,0,3.83,0,,0,,,,UTC,,,,,Based on maximum unfiltered water elevation measured with deployed pressure transducer.,,,,System.Collections.Generic.HashSet`1[STNDB.data_file],System.Collections.Generic.HashSet`1[STNDB.hwm],,
34.690228,-76.895685,NAVD88,Laura Gurley,12409,NCCAR12409,Tradewinds Marina,"South Atlantic, SWaTH",NC,Carteret County,Bogue Sound,,,,,No,2336,,10/8/2016 8:40:00 PM,0,0,4.08,0,,0,,,,UTC,,,,,Based on maximum unfiltered water elevation measured with deployed pressure transducer.,,,,System.Collections.Generic.HashSet`1[STNDB.data_file],System.Collections.Generic.HashSet`1[STNDB.hwm],,
35.796601,-75.5492,NAVD88,Steve Harden,6940,NCDAR00005,Boat launch area next to Oregon Inlet USCG station,"South Atlantic, SWaTH",NC,Dare County,Motts Creek at Pamlico Sound,,,,,No,2346,,10/9/2016 5:52:00 AM,0,0,2.66,0,,0,,,,UTC,,,,,Based on maximum unfiltered water elevation measured with deployed pressure transducer.,,,,System.Collections.Generic.HashSet`1[STNDB.data_file],System.Collections.Generic.HashSet`1[STNDB.hwm],,
35.767546,-75.525921,NAVD88,Steve Harden,12688,NCDAR12688,Oregon Inlet access area at south end of Herbert Bonner Bridge,"SWaTH, South Atlantic",NC,Dare County,Oregon Inlet at Atlantic Ocean,,,,,No,2348,,10/9/2016 7:04:00 PM,0,0,4.23,0,,0,,,,UTC,,,,,Based on maximum unfiltered water elevation measured with deployed pressure transducer.,,,,System.Collections.Generic.HashSet`1[STNDB.data_file],System.Collections.Generic.HashSet`1[STNDB.hwm],,
35.350154,-75.511965,NAVD88,Laura Gurley,6912,NCDAR00004,Avon Seafood,"South Atlantic, SWaTH",NC,Dare County,Pamlico Sound,,,,,No,2349,,10/9/2016 10:11:00 AM,0,0,4.96,0,,0,,,,UTC,,,,,Based on maximum unfiltered water elevation measured with deployed pressure transducer.,,,,System.Collections.Generic.HashSet`1[STNDB.data_file],System.Collections.Generic.HashSet`1[STNDB.hwm],,
35.347288,-75.50095,NAVD88,Laura Gurley,6911,NCDAR00003,Avon Fishing Pier,"SWaTH, South Atlantic",NC,Dare County,Atlantic Ocean,,,,,No,2350,,10/9/2016 5:29:00 PM,0,0,8.77,0,,0,,,,UTC,,,,,Based on maximum unfiltered water elevation measured with deployed pressure transducer.,,,,System.Collections.Generic.HashSet`1[STNDB.data_file],System.Collections.Generic.HashSet`1[STNDB.hwm],,
33.90358,-78.082118,NAVD88,Steve Harden,11891,NCBRU11891,Oak Island Pier,"South Atlantic, SWaTH",NC,Brunswick County,Atlantic Ocean,,,,,No,2362,,10/8/2016 4:59:00 PM,0,0,9.07,0,,0,,,,UTC,,,,,,,,,System.Collections.Generic.HashSet`1[STNDB.data_file],System.Collections.Generic.HashSet`1[STNDB.hwm],,
35.583299,-75.468634,NAVD88,Laura Gurley,12709,NCDAR12709,Waves Village Watersports Resort,"SWaTH, South Atlantic",NC,Dare County,Pamlico Sound,,,,,No,2363,,10/9/2016 9:03:00 AM,0,0,4.11,0,,0,,,,UTC,,,,,Based on maximum unfiltered water elevation measured with deployed pressure transducer.,,,,System.Collections.Generic.HashSet`1[STNDB.data_file],System.Collections.Generic.HashSet`1[STNDB.hwm],,
35.585065,-75.461409,NAVD88,Laura Gurley,12788,NCDAR12788,Rodanthe Pier,"South Atlantic, SWaTH",NC,Dare County,Atlantic Ocean,,,,,No,2366,,10/9/2016 7:15:00 PM,0,0,7.68,0,,0,,,,UTC,,,,,Based on maximum unfiltered water elevation measured with deployed pressure transducer.,,,,System.Collections.Generic.HashSet`1[STNDB.data_file],System.Collections.Generic.HashSet`1[STNDB.hwm],,
34.717341,-76.670888,NAVD88,Laura Gurley,12248,NCCAR12248,Duke Marine Lab,"South Atlantic, SWaTH",NC,Carteret County,Taylor Creek,,,,,No,2368,,10/8/2016 6:01:00 PM,0,0,3.86,0,,0,,,,UTC,,,,,Based on maximum unfiltered water elevation measured with deployed pressure transducer.,,,,System.Collections.Generic.HashSet`1[STNDB.data_file],System.Collections.Generic.HashSet`1[STNDB.hwm],,
34.696747,-76.726978,NAVD88,Steve Harden,12328,NCCAR12328,Oceanna Fishing Pier,"SWaTH, South Atlantic",NC,Carteret County,Atlantic Ocean,,,,,No,2369,,10/8/2016 6:07:00 PM,0,0,7.51,0,,0,,,,UTC,,,,,Based on maximum unfiltered water elevation measured with deployed pressure transducer.,,,,System.Collections.Generic.HashSet`1[STNDB.data_file],System.Collections.Generic.HashSet`1[STNDB.hwm],,
34.789244,-76.608528,NAVD88,Laura Gurley,6858,NCCAR00012,North River at US Hwy 70,"South Atlantic, SWaTH",NC,Carteret County,North River,,,,,No,2370,,10/8/2016 9:32:00 PM,0,0,4.32,0,,0,,,,UTC,,,,,Based on maximum unfiltered water elevation measured with deployed pressure transducer.,,,,System.Collections.Generic.HashSet`1[STNDB.data_file],System.Collections.Generic.HashSet`1[STNDB.hwm],,
34.696757,-76.78119,NAVD88,Steve Harden,6852,NCCAR00006,Double Tree Hotel at Atlantic Beach,"South Atlantic, SWaTH",NC,Carteret County,Atlantic Ocean,,,,,No,2371,,10/8/2016 5:48:00 PM,0,0,8.13,0,,0,,,,UTC,,,,,Based on maximum unfiltered water elevation measured with deployed pressure transducer.,,,,System.Collections.Generic.HashSet`1[STNDB.data_file],System.Collections.Generic.HashSet`1[STNDB.hwm],,
34.660454,-77.03399,NAVD88,Laura Gurley,12412,NCCAR12412,Bogue Inlet Pier,"SWaTH, South Atlantic",NC,Carteret County,Atlantic Ocean,,,,,No,2372,,10/8/2016 4:39:00 PM,0,0,7.62,0,,0,,,,UTC,,,,,Based on maximum unfiltered water elevation measured with deployed pressure transducer.,,,,System.Collections.Generic.HashSet`1[STNDB.data_file],System.Collections.Generic.HashSet`1[STNDB.hwm],,
34.722596,-76.946207,NAVD88,Steve Harden,12410,NCCAR12410,Blown Kiteboarding at Broad Creek,"South Atlantic, SWaTH",NC,Carteret County,Broad Creek at Bogue Sound,,,,,No,2373,,10/8/2016 8:51:00 PM,0,0,4.14,0,,0,,,,UTC,,,,,Based on maximum unfiltered water elevation measured with deployed pressure transducer.,,,,System.Collections.Generic.HashSet`1[STNDB.data_file],System.Collections.Generic.HashSet`1[STNDB.hwm],,
34.69886,-76.681492,NAVD88,Steve Harden,6853,NCCAR00007,USCG Station Fort Macon,"SWaTH, South Atlantic",NC,Carteret County,Fort Macon Creek at Beaufort Inlet,,,,,No,2374,,10/9/2016 4:48:00 AM,0,0,6.15,0,,0,,,,UTC,,,,,Based on maximum unfiltered water elevation measured with deployed pressure transducer.,,,,System.Collections.Generic.HashSet`1[STNDB.data_file],System.Collections.Generic.HashSet`1[STNDB.hwm],,
34.365421,-77.628153,NAVD88,Steve Harden,6840,NCPEN00003,Jolly Roger Inn and Pier,"SWaTH, South Atlantic",NC,Pender County,Atlantic Ocean,,,,,No,2375,,10/8/2016 5:59:00 PM,0,0,8.45,0,,0,,,,UTC,,,,,Based on maximum unfiltered water elevation measured with deployed pressure transducer.,,,,System.Collections.Generic.HashSet`1[STNDB.data_file],System.Collections.Generic.HashSet`1[STNDB.hwm],,
33.916956,-78.017908,NAVD88,Steve Harden,12068,NCBRU12068,Southport Waterfront Park,"SWaTH, South Atlantic",NC,Brunswick County,Cape Fear River at AIW,,,,,No,2377,,10/8/2016 5:26:00 PM,0,0,7.35,0,,0,,,,UTC,,,,,Based on maximum unfiltered water elevation measured with deployed pressure transducer.,,,,System.Collections.Generic.HashSet`1[STNDB.data_file],System.Collections.Generic.HashSet`1[STNDB.hwm],,
35.698312,-75.770435,NAVD88,Steve Harden,6939,NCDAR00010,Stumpy Point Emergency Ferry Landing,"SWaTH, South Atlantic",NC,Dare County,Stumpy Point Bay - Pamlico Sound,,,,,No,2378,,10/9/2016 5:15:00 AM,0,0,2.97,0,,0,,,,UTC,,,,,Based on maximum unfiltered water elevation measured with deployed pressure transducer.,,,,System.Collections.Generic.HashSet`1[STNDB.data_file],System.Collections.Generic.HashSet`1[STNDB.hwm],,
36.017939,-75.726826,NAVD88,Steve Harden,12668,NCDAR12668,Collington Harbour Club,"SWaTH, South Atlantic",NC,Dare County,Albemarle Sound @ Kitty Hawk Bay,,,,,No,2379,,10/9/2016 7:44:00 AM,0,0,4.5,0,,0,,,,UTC,,,,,Based on maximum unfiltered water elevation measured with deployed pressure transducer.,,,,System.Collections.Generic.HashSet`1[STNDB.data_file],System.Collections.Generic.HashSet`1[STNDB.hwm],,
34.057005,-77.88131,NAVD88,Steve Harden,6832,NCNEW00004,Carolina Beach Fishing Pier,"SWaTH, South Atlantic",NC,New Hanover County,Atlantic Ocean,,,,,No,2380,,10/8/2016 5:44:00 PM,0,0,7.6,0,,0,,,,UTC,,,,,Based on maximum unfiltered water elevation measured with deployed pressure transducer.,,,,System.Collections.Generic.HashSet`1[STNDB.data_file],System.Collections.Generic.HashSet`1[STNDB.hwm],,
34.684809,-76.526024,NAVD88,Laura Gurley,6847,NCCAR00001,Cape Lookout National Seashore Visitor Center at Harkers Island,"South Atlantic, SWaTH",NC,Carteret County,Back Sound,,,,,No,2382,,10/8/2016 7:00:00 PM,0,0,3.1,0,,0,,,,UTC,,,,,Based on maximum unfiltered water elevation measured with deployed pressure transducer.,,,,System.Collections.Generic.HashSet`1[STNDB.data_file],System.Collections.Generic.HashSet`1[STNDB.hwm],,
36.044318,-75.674408,NAVD88,Steve Harden,13668,NCDAR13668,Avalon Fishing Pier,"SWaTH, South Atlantic",NC,Dare County,Atlantic Ocean,,,,,No,2383,,10/9/2016 6:39:00 PM,0,0,10.38,0,,0,,,,UTC,,,,,Based on maximum unfiltered water elevation measured with deployed pressure transducer.,,,,System.Collections.Generic.HashSet`1[STNDB.data_file],System.Collections.Generic.HashSet`1[STNDB.hwm],,
34.576247,-77.39544,NAVD88,Steve Harden,13128,NCONS13128,Old Ferry Marina,"South Atlantic, SWaTH",NC,Onslow County,New River,,,,,No,2384,,10/8/2016 9:15:00 PM,0,0,3.36,0,,0,,,,UTC,,,,,Based on maximum unfiltered water elevation measured with deployed pressure transducer.,,,,System.Collections.Generic.HashSet`1[STNDB.data_file],System.Collections.Generic.HashSet`1[STNDB.hwm],,
35.224702,-75.643595,NAVD88,Steve Harden,18739,NCDAR18739,Frisco beach access and bath house - Site 2 Parking Lot,"South Atlantic, SWaTH",NC,Dare County,Sound side - Pamlico Sound,,,,,No,2385,,10/9/2016 10:02:00 AM,0,0,7.2,0,,0,,,,UTC,,,,,Based on maximum unfiltered water elevation measured with deployed pressure transducer.,,,,System.Collections.Generic.HashSet`1[STNDB.data_file],System.Collections.Generic.HashSet`1[STNDB.hwm],,
35.229464,-75.6353,NAVD88,Steve Harden,12748,NCDAR12748,Surf on Sound Dr at Joe Sauer Creek,"South Atlantic, SWaTH",NC,Dare County,Joe Sauer Ck at Pamlico Sound,,,,,No,2386,,10/9/2016 9:45:00 AM,0,0,7.31,1,,0,,,,UTC,,,,,Based on maximum unfiltered water elevation measured with deployed pressure transducer. This peak is considered estimated.,,,,System.Collections.Generic.HashSet`1[STNDB.data_file],System.Collections.Generic.HashSet`1[STNDB.hwm],,
36.09311,-75.743063,NAVD88,Steve Harden,12588,NCDAR12588,"Currituck Sound @ US Hwy 158 near Point Harbor, NC","SWaTH, South Atlantic",NC,Dare County,Currituck Sound,,,,,No,2387,,10/9/2016 7:06:00 AM,0,0,3.16,1,,0,,,,UTC,,,,,Maximum measured water surface elevation above NAVD88 measured with RDG.,,,,System.Collections.Generic.HashSet`1[STNDB.data_file],System.Collections.Generic.HashSet`1[STNDB.hwm],,
34.667729,-77.063345,NAVD88,Steve Harden,12413,NCCAR12413,"Bogue Sound @ NC HWY 58 @ Emerald Isle, NC","South Atlantic, SWaTH",NC,Carteret County,Bogue Sound,,,,,No,2388,,10/8/2016 7:06:00 PM,0,0,3.96,0,,0,,,,UTC,,,,,,,,,System.Collections.Generic.HashSet`1[STNDB.data_file],System.Collections.Generic.HashSet`1[STNDB.hwm],,
35.102645,-77.036667,NAVD88,Steve Harden,12488,NCCRA12488,"Trent River @ US HWY 70 @ New Bern, NC","SWaTH, South Atlantic",NC,Craven County,Trent River,,,,,No,2389,,10/8/2016 6:42:00 PM,0,0,3.31,1,,0,,,,UTC,,,,,,,,,System.Collections.Generic.HashSet`1[STNDB.data_file],System.Collections.Generic.HashSet`1[STNDB.hwm],,
35.896438,-75.622088,NAVD88,Steve Harden,12629,NCDAR12629,"Roanoke Sound @ US Hwy 64/264 @ Pond Island, NC","South Atlantic, SWaTH",NC,Dare County,Roanoke Sound,,,,,No,2390,,10/9/2016 8:30:00 AM,0,0,3.01,0,,0,,,,UTC,,,,,Maximum measured water surface elevation above NAVD88 measured with RDG.,,,,System.Collections.Generic.HashSet`1[STNDB.data_file],System.Collections.Generic.HashSet`1[STNDB.hwm],,
34.216361,-77.793577,NAVD88,Steve Harden,12988,NCNEW12988,"Banks Channel @ US Hwy 74 @ Wrightsville Beach, NC","South Atlantic, SWaTH",NC,New Hanover County,Banks Channel to AIW,,,,,No,2391,,10/8/2016 5:18:00 PM,0,0,4.89,0,,0,,,,UTC,,,,,Maximum measured water surface elevation above NAVD88 measured with RDG.,,,,System.Collections.Generic.HashSet`1[STNDB.data_file],System.Collections.Generic.HashSet`1[STNDB.hwm],,
34.251827,-77.950131,NAVD88,Steve Harden,13028,NCNEW13028,"NECFR @ US Hwy 74/133 @ Wilmington, NC","South Atlantic, SWaTH",NC,New Hanover County,NE Cape Fear River,,,,,No,2392,,10/8/2016 8:00:00 PM,0,0,5.56,0,,0,,,,UTC,,,,,Maximum measured water surface elevation above NAVD88 measured with RDG.,,,,System.Collections.Generic.HashSet`1[STNDB.data_file],System.Collections.Generic.HashSet`1[STNDB.hwm],,
34.751175,-77.434251,NAVD88,Steve Harden,13068,NCONS13068,"New River at Old Bridge Street at Jacksonville, NC","SWaTH, South Atlantic",NC,Onslow County,New River,,,,,No,2393,,10/8/2016 11:00:00 PM,0,0,3.03,1,,0,,,,UTC,,,,,Maximum measured water surface elevation above NAVD88 measured with RDG.,,,,System.Collections.Generic.HashSet`1[STNDB.data_file],System.Collections.Generic.HashSet`1[STNDB.hwm],,
34.430754,-77.54927,NAVD88,Steve Harden,13448,NCPEN13448,"ICW @ NC Hwy 50/210 @ Surf City, NC","SWaTH, South Atlantic",NC,Pender County,Atlantic Intracoastal Waterway,,,,,No,2394,,10/8/2016 8:24:00 PM,0,0,3.88,1,,0,,,,UTC,,,,,Maximum measured water surface elevation above NAVD88 measured with RDG.,,,,System.Collections.Generic.HashSet`1[STNDB.data_file],System.Collections.Generic.HashSet`1[STNDB.hwm],,
35.960402,-76.489935,NAVD88,Steve Harden,13588,NCWAS13588,"Albemarle Sound @ NC Hwy 32/94 @ Leonards Point, NC","South Atlantic, SWaTH",NC,Washington County,Albemarle Sound,,,,,No,2395,,10/9/2016 2:30:00 AM,0,0,3.87,0,,0,,,,UTC,,,,,Maximum measured water surface elevation above NAVD88 measured with RDG.,,,,System.Collections.Generic.HashSet`1[STNDB.data_file],System.Collections.Generic.HashSet`1[STNDB.hwm],,
34.711352,-76.736834,NAVD88,Steve Harden,12388,NCCAR12388,"Bogue Sound @ SR 1182 @ Atlantic Bch, NC","South Atlantic, SWaTH",NC,Carteret County,Bogue Sound,,,,,No,2434,,10/8/2016 6:30:00 PM,0,0,3.38,0,,0,,,,UTC,,,,,,,,,System.Collections.Generic.HashSet`1[STNDB.data_file],System.Collections.Generic.HashSet`1[STNDB.hwm],,
35.909968,-75.595824,NAVD88,Steve Harden,6950,NCDAR00009,Jennette's Pier,"South Atlantic, SWaTH",NC,Dare County,Atlantic Ocean,,,,,No,12648,,9/13/2018 1:54:00 PM,0,0,9.38,0,,0,,,,UTC,,,,,Based on maximum unfiltered water elevation measured with deployed pressure transducer.,,,,System.Collections.Generic.HashSet`1[STNDB.data_file],System.Collections.Generic.HashSet`1[STNDB.hwm],,
35.350154,-75.511965,NAVD88,Steve Harden,6912,NCDAR00004,Avon Seafood,"South Atlantic, SWaTH",NC,Dare County,Pamlico Sound,,,,,No,12649,,9/15/2018 8:41:00 PM,0,0,2.03,0,,0,,,,UTC,,,,,Based on maximum unfiltered water elevation measured with deployed pressure transducer.,,,,System.Collections.Generic.HashSet`1[STNDB.data_file],System.Collections.Generic.HashSet`1[STNDB.hwm],,
36.371914,-75.822874,NAVD88,Kris McSwain,6971,NCCUR00001,Corolla Light Resort Beachside Deck,"South Atlantic, SWaTH",NC,Currituck County,Atlantic Ocean,,,,,No,12650,,9/13/2018 3:38:00 PM,0,0,11.01,0,,0,,,,UTC,,,,,Based on maximum unfiltered water elevation measured with deployed pressure transducer. Sensor recorded several wave run ups but no real substantial wave action recorded at this site.,,,,System.Collections.Generic.HashSet`1[STNDB.data_file],System.Collections.Generic.HashSet`1[STNDB.hwm],,
35.360245,-75.504148,NAVD88,Steve Harden,12711,NCDAR12711,Cutty Sark Dr at Mill Creek,"SWaTH, South Atlantic",NC,Dare County,Mill Creek at Pamlico Sound,,,,,No,12654,,9/16/2018 1:22:00 AM,0,0,1.82,0,,0,,,,UTC,,,,,Based on maximum unfiltered water elevation measured with deployed pressure transducer.,,,,System.Collections.Generic.HashSet`1[STNDB.data_file],System.Collections.Generic.HashSet`1[STNDB.hwm],,
34.796917,-76.456096,NAVD88,Steve Harden,12128,NCCAR12128,Cape Lookout Cabins & Camps Ferry,"SWaTH, South Atlantic",NC,Carteret County,Core Sound,,,,,No,12655,,9/14/2018 5:39:00 AM,0,0,6.24,0,,0,,,,UTC,,,,,Based on maximum unfiltered water elevation measured with deployed pressure transducer.,,,,System.Collections.Generic.HashSet`1[STNDB.data_file],System.Collections.Generic.HashSet`1[STNDB.hwm],,
34.722596,-76.946207,NAVD88,Steve Harden,12410,NCCAR12410,Blown Kiteboarding at Broad Creek,"South Atlantic, SWaTH",NC,Carteret County,Broad Creek at Bogue Sound,,,,,No,12656,,9/14/2018 9:43:00 AM,0,0,6.86,0,,0,,,,UTC,,,,,Based on maximum unfiltered water elevation measured with deployed pressure transducer.,,,,System.Collections.Generic.HashSet`1[STNDB.data_file],System.Collections.Generic.HashSet`1[STNDB.hwm],,
35.347288,-75.50095,NAVD88,Steve Harden,6911,NCDAR00003,Avon Fishing Pier,"SWaTH, South Atlantic",NC,Dare County,Atlantic Ocean,,,,,No,12657,,9/13/2018 2:41:00 PM,0,0,11.55,0,,0,,,,UTC,,,,,Based on maximum unfiltered water elevation measured with deployed pressure transducer.,,,,System.Collections.Generic.HashSet`1[STNDB.data_file],System.Collections.Generic.HashSet`1[STNDB.hwm],,
34.576247,-77.39544,NAVD88,Steve Harden,13128,NCONS13128,Old Ferry Marina,"South Atlantic, SWaTH",NC,Onslow County,New River,,,,,No,12660,,9/14/2018 5:02:00 PM,0,0,5.12,0,,0,,,,UTC,,,,,Based on maximum unfiltered water elevation measured with deployed pressure transducer. Confirmed by HWM.,,,,System.Collections.Generic.HashSet`1[STNDB.data_file],System.Collections.Generic.HashSet`1[STNDB.hwm],,
34.690228,-76.895685,NAVD88,Laura Gurley,12409,NCCAR12409,Tradewinds Marina,"South Atlantic, SWaTH",NC,Carteret County,Bogue Sound,,,,,No,12661,,9/14/2018 6:10:00 PM,0,0,5.77,0,,0,,,,UTC,,,,,Based on maximum unfiltered water elevation measured with deployed pressure transducer.,,,,System.Collections.Generic.HashSet`1[STNDB.data_file],System.Collections.Generic.HashSet`1[STNDB.hwm],,
36.101259,-75.711083,NAVD88,Steve Harden,12669,NCDAR12669,Hilton Garden Inn Pier,"South Atlantic, SWaTH",NC,Dare County,Atlantic Ocean,,,,,No,12662,,9/13/2018 3:06:00 PM,0,0,8.49,0,,0,,,,UTC,,,,,Based on maximum unfiltered water elevation measured with deployed pressure transducer.,,,,System.Collections.Generic.HashSet`1[STNDB.data_file],System.Collections.Generic.HashSet`1[STNDB.hwm],,
35.377094,-76.748209,NAVD88,Kris McSwain,11728,NCBEA11728,Aurora Ferry Terminal,"SWaTH, South Atlantic",NC,Beaufort County,Pamlico River,,,,,No,12663,,9/14/2018 7:33:00 AM,0,0,7.86,0,,0,,,,UTC,,,,,Based on maximum unfiltered water elevation measured with deployed pressure transducer.,,,,System.Collections.Generic.HashSet`1[STNDB.data_file],System.Collections.Generic.HashSet`1[STNDB.hwm],,
35.388287,-76.576583,NAVD88,Kris McSwain,11828,NCBEA11828,Old Pamlico Beach,"SWaTH, South Atlantic",NC,Beaufort County,Pamlico River at Pungo River,,,,,No,12664,,9/14/2018 6:57:00 AM,0,0,6.5,0,,0,,,,UTC,,,,,Based on maximum unfiltered water elevation measured with deployed pressure transducer.,,,,System.Collections.Generic.HashSet`1[STNDB.data_file],System.Collections.Generic.HashSet`1[STNDB.hwm],,
34.721833,-76.575277,NAVD88,Laura Gurley,12428,NCCAR12428,Straits Landing Boating Access,"SWaTH, South Atlantic",NC,Carteret County,North River,,,,,No,12665,,9/14/2018 6:41:00 AM,0,0,4.78,0,,0,,,,UTC,,,,,Based on maximum unfiltered water elevation measured with deployed pressure transducer.,,,,System.Collections.Generic.HashSet`1[STNDB.data_file],System.Collections.Generic.HashSet`1[STNDB.hwm],,
35.065876,-76.967656,NAVD88,Steve Harden,12509,NCCRA12509,Northwest Creek Marina,"SWaTH, South Atlantic",NC,Craven County,Northwest Creek at Neuse River,,,,,No,12666,,9/14/2018 3:53:00 AM,0,0,10.05,0,,0,,,,UTC,,,,,Based on maximum unfiltered water elevation measured with deployed pressure transducer which was same as surveyed HWM.,,,,System.Collections.Generic.HashSet`1[STNDB.data_file],System.Collections.Generic.HashSet`1[STNDB.hwm],,
35.477181,-76.815632,NAVD88,Kris McSwain,11768,NCBEA11768,Bath Harbor Marina & Motel,"South Atlantic, SWaTH",NC,Beaufort County,Bath Creek,,,,,No,12667,,9/14/2018 6:59:00 AM,0,0,6.66,0,,0,,,,UTC,,,,,Based on maximum unfiltered water elevation measured with deployed pressure transducer.,,,,System.Collections.Generic.HashSet`1[STNDB.data_file],System.Collections.Generic.HashSet`1[STNDB.hwm],,
35.115233,-77.018912,NAVD88,Steve Harden,12508,NCCRA12508,D Street at Neuse River,"SWaTH, South Atlantic",NC,Craven County,Neuse River,,,,,No,12668,,9/14/2018 4:55:00 AM,0,0,10.33,0,,0,,,,UTC,,,,,Based on maximum unfiltered water elevation measured with deployed pressure transducer.,,,,System.Collections.Generic.HashSet`1[STNDB.data_file],System.Collections.Generic.HashSet`1[STNDB.hwm],,
35.50185,-77.045995,NAVD88,Kris McSwain,11788,NCBEA11788,Cypress Landing,"SWaTH, South Atlantic",NC,Beaufort County,Chocowinity Bay - Pamlico River,,,,,No,12669,,9/14/2018 10:23:00 AM,0,0,7.79,0,,0,,,,UTC,,,,,Based on maximum unfiltered water elevation measured with deployed pressure transducer.,,,,System.Collections.Generic.HashSet`1[STNDB.data_file],System.Collections.Generic.HashSet`1[STNDB.hwm],,
33.88416,-78.56735,NAVD88,Laura Gurley,11848,NCBRU11848,Hurricane Fleet,"SWaTH, South Atlantic",NC,Brunswick County,Calabash River - AIW,,,,,No,12670,,9/15/2018 5:20:00 PM,0,0,4.66,0,,0,,,,UTC,,,,,Based on maximum unfiltered water elevation measured with deployed pressure transducer.,,,,System.Collections.Generic.HashSet`1[STNDB.data_file],System.Collections.Generic.HashSet`1[STNDB.hwm],,
35.514575,-77.010503,NAVD88,Kris McSwain,11808,NCBEA11808,Roanoke Christian Camp,"South Atlantic, SWaTH",NC,Beaufort County,Pamlico River,,,,,No,12671,,9/14/2018 10:22:00 AM,0,0,7.32,0,,0,,,,UTC,,,,,Based on maximum unfiltered water elevation measured with deployed pressure transducer.,,,,System.Collections.Generic.HashSet`1[STNDB.data_file],System.Collections.Generic.HashSet`1[STNDB.hwm],,
35.532854,-76.614691,NAVD88,Kris McSwain,13648,NCBEA13648,River Forest Manor and Marina,"South Atlantic, SWaTH",NC,Beaufort County,Pantego Ck - Pungo River,,,,,No,12672,,9/14/2018 9:30:00 AM,0,0,5.96,0,,0,,,,UTC,,,,,Based on maximum unfiltered water elevation measured with deployed pressure transducer.,,,,System.Collections.Generic.HashSet`1[STNDB.data_file],System.Collections.Generic.HashSet`1[STNDB.hwm],,
33.90358,-78.082118,NAVD88,Steve Harden,11891,NCBRU11891,Oak Island Pier,"South Atlantic, SWaTH",NC,Brunswick County,Atlantic Ocean,,,,,No,12673,,9/15/2018 4:53:00 PM,0,0,6.57,0,,0,,,,UTC,,,,,Based on maximum unfiltered water elevation measured with deployed pressure transducer.,,,,System.Collections.Generic.HashSet`1[STNDB.data_file],System.Collections.Generic.HashSet`1[STNDB.hwm],,
34.935825,-76.810737,NAVD88,Kris McSwain,6863,NCCRV00003,Cherry Branch Ferry Terminal,"South Atlantic, SWaTH",NC,Craven County,Neuse River,,,,,No,12674,,9/14/2018 2:55:00 AM,0,0,9.61,0,,0,,,,UTC,,,,,Based on maximum unfiltered water elevation measured with deployed pressure transducer.,,,,System.Collections.Generic.HashSet`1[STNDB.data_file],System.Collections.Generic.HashSet`1[STNDB.hwm],,
35.024681,-76.698854,NAVD88,Kris McSwain,13231,NCPAM13231,Oriental Harbor Marina,"SWaTH, South Atlantic",NC,Pamlico County,Greens Creek at Neuse River,,,,,No,12675,,9/14/2018 3:05:00 AM,0,0,8.32,0,,0,,,,UTC,,,,,Based on maximum unfiltered water elevation measured with deployed pressure transducer.,,,,System.Collections.Generic.HashSet`1[STNDB.data_file],System.Collections.Generic.HashSet`1[STNDB.hwm],,
34.96749,-76.807108,NAVD88,Kris McSwain,13230,NCPAM13230,Minnesott Beach Ferry Terminal,"South Atlantic, SWaTH",NC,Pamlico County,Neuse River,,,,,No,12676,,9/14/2018 2:48:00 AM,0,0,9.5,0,,0,,,,UTC,,,,,Based on maximum unfiltered water elevation measured with deployed pressure transducer.,,,,System.Collections.Generic.HashSet`1[STNDB.data_file],System.Collections.Generic.HashSet`1[STNDB.hwm],,
35.144183,-76.766409,NAVD88,Kris McSwain,13269,NCPAM13269,Joe Himbry Waterfront Park,"SWaTH, South Atlantic",NC,Pamlico County,N fork of upper Bay River,,,,,No,12677,,9/14/2018 5:43:00 AM,0,0,7.99,0,,0,,,,UTC,,,,,Based on maximum unfiltered water elevation measured with deployed pressure transducer.,,,,System.Collections.Generic.HashSet`1[STNDB.data_file],System.Collections.Generic.HashSet`1[STNDB.hwm],,
35.082744,-76.600771,NAVD88,Kris McSwain,13248,NCPAM13248,River Dunes Marina,"South Atlantic, SWaTH",NC,Pamlico County,Broad Creek at Neuse River,,,,,No,12678,,9/14/2018 5:17:00 AM,0,0,6.85,0,,0,,,,UTC,,,,,Based on maximum unfiltered water elevation measured with deployed pressure transducer.,,,,System.Collections.Generic.HashSet`1[STNDB.data_file],System.Collections.Generic.HashSet`1[STNDB.hwm],,
35.393542,-76.328485,NAVD88,Kris McSwain,6916,NCHYD00001,Swan Quarter Ferry Terminal,"South Atlantic, SWaTH",NC,Hyde County,Swan Quarter Bay - Pamlico Sound,,,,,No,12679,,9/14/2018 6:47:00 AM,0,0,4.13,0,,0,,,,UTC,,,,,Based on maximum unfiltered water elevation measured with deployed pressure transducer.,,,,System.Collections.Generic.HashSet`1[STNDB.data_file],System.Collections.Generic.HashSet`1[STNDB.hwm],,
33.882117,-78.511101,NAVD88,Laura Gurley,11893,NCBRU11893,Sunset Beach Boating Access Area,"SWaTH, South Atlantic",NC,Brunswick County,AIW,,,,,No,12680,,9/15/2018 5:19:00 PM,0,0,4.66,0,,0,,,,UTC,,,,,Based on maximum unfiltered water elevation measured with deployed pressure transducer.,,,,System.Collections.Generic.HashSet`1[STNDB.data_file],System.Collections.Generic.HashSet`1[STNDB.hwm],,
35.508102,-76.000831,NAVD88,Kris McSwain,12828,NCHYD12828,Rest Area in Downtown Engelhard,"South Atlantic, SWaTH",NC,Hyde County,Far Creek to Pamlico Sound,,,,,No,12681,,9/15/2018 8:06:00 AM,0,0,2.57,0,,0,,,,UTC,,,,,Based on maximum unfiltered water elevation measured with deployed pressure transducer.,,,,System.Collections.Generic.HashSet`1[STNDB.data_file],System.Collections.Generic.HashSet`1[STNDB.hwm],,
33.870962,-78.518753,NAVD88,Laura Gurley,11850,NCBRU11850,Bay St near Bull Creek,"SWaTH, South Atlantic",NC,Brunswick County,Bull Creek - AIW,,,,,No,12682,,9/15/2018 5:29:00 PM,0,0,4.51,0,,0,,,,UTC,,,,,Based on maximum unfiltered water elevation measured with deployed pressure transducer.,,,,System.Collections.Generic.HashSet`1[STNDB.data_file],System.Collections.Generic.HashSet`1[STNDB.hwm],,
36.221681,-75.771849,NAVD88,Kris McSwain,6969,NCDAR00008,Paper Canoe Restaurant at Currituck Sound,"South Atlantic, SWaTH",NC,Dare County,Currituck Sound,,,,,No,12684,,9/18/2018 3:38:00 PM,0,0,2.74,0,,0,,,,UTC,,,,,Based on maximum unfiltered water elevation measured with deployed pressure transducer.,,,,System.Collections.Generic.HashSet`1[STNDB.data_file],System.Collections.Generic.HashSet`1[STNDB.hwm],,
33.895108,-78.439372,NAVD88,Kris McSwain,6827,NCBRU00014,Ocean Isle Beach Boating Access,"SWaTH, South Atlantic",NC,Brunswick County,Atlantic Intracoastal Waterway,,,,,No,12685,,9/15/2018 5:15:00 PM,0,0,4.59,0,,0,,,,UTC,,,,,Based on maximum unfiltered water elevation measured with deployed pressure transducer.,,,,System.Collections.Generic.HashSet`1[STNDB.data_file],System.Collections.Generic.HashSet`1[STNDB.hwm],,
33.913979,-78.373799,NAVD88,Kris McSwain,11908,NCBRU11908,Village Point Rd at Bowen Point,"South Atlantic, SWaTH",NC,Brunswick County,AIW,,,,,No,12686,,9/15/2018 4:53:00 PM,0,0,4.87,0,,0,,,,UTC,,,,,Based on maximum unfiltered water elevation measured with deployed pressure transducer.,,,,System.Collections.Generic.HashSet`1[STNDB.data_file],System.Collections.Generic.HashSet`1[STNDB.hwm],,
35.698312,-75.770435,NAVD88,Kris McSwain,6939,NCDAR00010,Stumpy Point Emergency Ferry Landing,"SWaTH, South Atlantic",NC,Dare County,Stumpy Point Bay - Pamlico Sound,,,,,No,12687,,9/15/2018 8:07:00 AM,0,0,2.84,0,,0,,,,UTC,,,,,Based on maximum unfiltered water elevation measured with deployed pressure transducer.,,,,System.Collections.Generic.HashSet`1[STNDB.data_file],System.Collections.Generic.HashSet`1[STNDB.hwm],,
35.973076,-75.63148,NAVD88,Kris McSwain,12633,NCDAR12633,Nags Head Fishing Pier,"SWaTH, South Atlantic",NC,Dare County,Atlantic Ocean,,,,,No,12688,,9/13/2018 2:56:00 PM,0,0,11.97,0,,0,,,,UTC,,,,,Based on maximum unfiltered water elevation measured with deployed pressure transducer.,,,,System.Collections.Generic.HashSet`1[STNDB.data_file],System.Collections.Generic.HashSet`1[STNDB.hwm],,
33.916956,-78.017908,NAVD88,Steve Harden,12068,NCBRU12068,Southport Waterfront Park,"SWaTH, South Atlantic",NC,Brunswick County,Cape Fear River at AIW,,,,,No,12689,,9/14/2018 6:08:00 PM,0,0,7.08,0,,0,,,,UTC,,,,,Based on maximum unfiltered water elevation measured with deployed pressure transducer.,,,,System.Collections.Generic.HashSet`1[STNDB.data_file],System.Collections.Generic.HashSet`1[STNDB.hwm],,
36.017939,-75.726826,NAVD88,Kris McSwain,12668,NCDAR12668,Collington Harbour Club,"SWaTH, South Atlantic",NC,Dare County,Albemarle Sound @ Kitty Hawk Bay,,,,,No,12690,,9/19/2018 1:28:00 AM,0,0,2.42,0,,0,,,,UTC,,,,,Based on maximum unfiltered water elevation measured with deployed pressure transducer.,,,,System.Collections.Generic.HashSet`1[STNDB.data_file],System.Collections.Generic.HashSet`1[STNDB.hwm],,
36.044318,-75.674408,NAVD88,Kris McSwain,13668,NCDAR13668,Avalon Fishing Pier,"SWaTH, South Atlantic",NC,Dare County,Atlantic Ocean,,,,,No,12691,,9/13/2018 3:23:00 PM,0,0,8.39,0,,0,,,,UTC,,,,,Based on maximum unfiltered water elevation measured with deployed pressure transducer.,,,,System.Collections.Generic.HashSet`1[STNDB.data_file],System.Collections.Generic.HashSet`1[STNDB.hwm],,
35.905496,-76.028833,NAVD88,Kris McSwain,13568,NCTYR13568,Alligator River Marina,"SWaTH, South Atlantic",NC,Tyrrell County,Alligator River,,,,,No,12692,,9/16/2018 10:05:00 PM,0,0,2.21,0,,0,,,,UTC,,,,,Based on maximum unfiltered water elevation measured with deployed pressure transducer.,,,,System.Collections.Generic.HashSet`1[STNDB.data_file],System.Collections.Generic.HashSet`1[STNDB.hwm],,
33.886656,-78.435976,NAVD88,Laura Gurley,6824,NCBRU00012,Ocean Isle Pier,"South Atlantic, SWaTH",NC,Brunswick County,Atlantic Ocean,,,,,No,12694,,9/15/2018 4:47:00 PM,0,0,6.72,0,,0,,,,UTC,,,,,Storm Tide with Unfiltered Water Level data Graph,,,,System.Collections.Generic.HashSet`1[STNDB.data_file],System.Collections.Generic.HashSet`1[STNDB.hwm],,
33.950862,-78.370478,NAVD88,Laura Gurley,11851,NCBRU11851,Rivers Edge Golf Club,"South Atlantic, SWaTH",NC,Brunswick County,Shallotte River,,,,,No,12695,,9/15/2018 5:26:00 PM,0,0,4.88,0,,0,,,,UTC,,,,,Based on maximum unfiltered water elevation measured with deployed pressure transducer.,,,,System.Collections.Generic.HashSet`1[STNDB.data_file],System.Collections.Generic.HashSet`1[STNDB.hwm],,
33.917351,-78.267501,NAVD88,Laura Gurley,12008,NCBRU12008,Holden Beach Marina at AIW,"South Atlantic, SWaTH",NC,Brunswick County,AIW,,,,,No,12696,,9/15/2018 5:39:00 PM,0,0,4.41,0,,0,,,,UTC,,,,,Based on maximum unfiltered water elevation measured with deployed pressure transducer.,,,,System.Collections.Generic.HashSet`1[STNDB.data_file],System.Collections.Generic.HashSet`1[STNDB.hwm],,
35.987815,-76.1846,NAVD88,Kris McSwain,13548,NCTYR13548,Soundside Road at Albemarle Sound,"South Atlantic, SWaTH",NC,Tyrrell County,Albemarle Sound,,,,,No,12698,,9/16/2018 10:18:00 AM,0,0,2.46,0,,0,,,,UTC,,,,,Based on maximum unfiltered water elevation measured with deployed pressure transducer.,,,,System.Collections.Generic.HashSet`1[STNDB.data_file],System.Collections.Generic.HashSet`1[STNDB.hwm],,
35.916552,-76.278357,NAVD88,Kris McSwain,13528,NCTYR13528,Columbia Boating Access Area,"South Atlantic, SWaTH",NC,Tyrrell County,Scuppernong River to Albemarle Sound,,,,,No,12699,,9/16/2018 4:30:00 PM,0,0,2.11,0,,0,,,,UTC,,,,,Based on maximum unfiltered water elevation measured with deployed pressure transducer.,,,,System.Collections.Generic.HashSet`1[STNDB.data_file],System.Collections.Generic.HashSet`1[STNDB.hwm],,
33.910831,-78.297217,NAVD88,Laura Gurley,11868,NCBRU11868,Holden Beach Fishing Pier,"SWaTH, South Atlantic",NC,Brunswick County,Atlantic Ocean,,,,,No,12700,,9/15/2018 4:57:00 PM,0,0,7.96,0,,0,,,,UTC,,,,,Based on maximum unfiltered water elevation measured with deployed pressure transducer.,,,,System.Collections.Generic.HashSet`1[STNDB.data_file],System.Collections.Generic.HashSet`1[STNDB.hwm],,
36.100552,-76.209351,NAVD88,Kris McSwain,13488,NCPER13488,Soundside Drive near Stevenson Point,"SWaTH, South Atlantic",NC,Perquimans County,Albemarle Sound,,,,,No,12701,,9/17/2018 3:54:00 PM,0,0,3.29,0,,0,,,,UTC,,,,,Based on maximum unfiltered water elevation measured with deployed pressure transducer.,,,,System.Collections.Generic.HashSet`1[STNDB.data_file],System.Collections.Generic.HashSet`1[STNDB.hwm],,
36.193057,-76.454374,NAVD88,Kris McSwain,6967,NCPER00001,Hwy 17 at Perquimans River,"SWaTH, South Atlantic",NC,Perquimans County,Perquimans River,,,,,No,12702,,9/17/2018 3:41:00 AM,0,0,2.81,0,,0,,,,UTC,,,,,Based on maximum unfiltered water elevation measured with deployed pressure transducer.,,,,System.Collections.Generic.HashSet`1[STNDB.data_file],System.Collections.Generic.HashSet`1[STNDB.hwm],,
33.921749,-78.237833,NAVD88,Laura Gurley,11909,NCBRU11909,Stone Chimney Rd at Lockwoods Folly Inlet,"SWaTH, South Atlantic",NC,Brunswick County,AIW - Lockwoods Folly Inlet,,,,,No,12703,,9/15/2018 5:11:00 PM,0,0,5.02,0,,0,,,,UTC,,,,,Based on maximum unfiltered water elevation measured with deployed pressure transducer.,,,,System.Collections.Generic.HashSet`1[STNDB.data_file],System.Collections.Generic.HashSet`1[STNDB.hwm],,
36.3031,-76.216375,NAVD88,Kris McSwain,13288,NCPAS13288,Mid-Atlantic Christian University,"SWaTH, South Atlantic",NC,Pasquotank County,Pasquotank River,,,,,No,12704,,9/17/2018 11:31:00 PM,0,0,1.25,0,,0,,,,UTC,,,,,Based on maximum unfiltered water elevation measured with deployed pressure transducer.,,,,System.Collections.Generic.HashSet`1[STNDB.data_file],System.Collections.Generic.HashSet`1[STNDB.hwm],,
35.207906,-75.702839,NAVD88,Kris McSwain,6896,NCDAR00001,Cape Hatteras Ferry Terminal,"SWaTH, South Atlantic",NC,Dare County,Hatteras Inlet at Pamlico Sound,,,,,No,12705,,9/15/2018 7:26:00 PM,0,0,2.07,0,,0,,,,UTC,,,,,Based on maximum unfiltered water elevation measured with deployed pressure transducer.,,,,System.Collections.Generic.HashSet`1[STNDB.data_file],System.Collections.Generic.HashSet`1[STNDB.hwm],,
35.266519,-75.557625,NAVD88,Kris McSwain,6901,NCDAR00002,Bulkhead at sound behind Scott's Boat Yard,"South Atlantic, SWaTH",NC,Dare County,Pamlico Sound,,,,,No,12706,,9/15/2018 5:13:00 PM,0,0,1.76,0,,0,,,,UTC,,,,,Based on maximum storm tide water elevation measured with deployed pressure transducer.,,,,System.Collections.Generic.HashSet`1[STNDB.data_file],System.Collections.Generic.HashSet`1[STNDB.hwm],,
35.796601,-75.5492,NAVD88,Kris McSwain,6940,NCDAR00005,Boat launch area next to Oregon Inlet USCG station,"South Atlantic, SWaTH",NC,Dare County,Motts Creek at Pamlico Sound,,,,,No,12707,,9/15/2018 6:37:00 AM,0,0,2.09,0,,0,,,,UTC,,,,,Based on maximum unfiltered water elevation measured with deployed pressure transducer.,,,,System.Collections.Generic.HashSet`1[STNDB.data_file],System.Collections.Generic.HashSet`1[STNDB.hwm],,
35.91042,-75.770223,NAVD88,Kris McSwain,6951,NCDAR00011,Manns Harbor Access Area,"South Atlantic, SWaTH",NC,Dare County,Croatan Sound,,,,,No,12708,,9/18/2018 5:39:00 PM,0,0,2.12,0,,0,,,,UTC,,,,,Based on maximum unfiltered water elevation measured with deployed pressure transducer.,,,,System.Collections.Generic.HashSet`1[STNDB.data_file],System.Collections.Generic.HashSet`1[STNDB.hwm],,
35.767546,-75.525921,NAVD88,Kris McSwain,12688,NCDAR12688,Oregon Inlet access area at south end of Herbert Bonner Bridge,"SWaTH, South Atlantic",NC,Dare County,Oregon Inlet at Atlantic Ocean,,,,,No,12709,,9/13/2018 2:56:00 PM,0,0,3.31,0,,0,,,,UTC,,,,,Based on maximum unfiltered water elevation measured with deployed pressure transducer.,,,,System.Collections.Generic.HashSet`1[STNDB.data_file],System.Collections.Generic.HashSet`1[STNDB.hwm],,
35.218333,-75.688823,NAVD88,Kris McSwain,12749,NCDAR12749,NC Hwy 12 bridge over creek in Hatteras Village,"SWaTH, South Atlantic",NC,Dare County,The Slash to Pamlico Sound,,,,,No,12710,,9/15/2018 9:51:00 PM,0,0,2.13,0,,0,,,,UTC,,,,,Based on maximum unfiltered water elevation measured with deployed pressure transducer.,,,,System.Collections.Generic.HashSet`1[STNDB.data_file],System.Collections.Generic.HashSet`1[STNDB.hwm],,
34.077879,-77.887454,NAVD88,Steve Harden,12928,NCNEW12928,Inlet Watch Yacht Club,"South Atlantic, SWaTH",NC,New Hanover County,AIW at Carolina Beach Inlet,,,,,No,12711,,9/14/2018 3:43:00 PM,0,0,6.12,0,,0,,,,UTC,,,,,Based on maximum unfiltered water elevation measured with deployed pressure transducer.,,,,System.Collections.Generic.HashSet`1[STNDB.data_file],System.Collections.Generic.HashSet`1[STNDB.hwm],,
33.946235,-78.22336,NAVD88,Laura Gurley,12028,NCBRU12028,Garlands Fresh Seafood,"SWaTH, South Atlantic",NC,Brunswick County,Lockwoods Folly River,,,,,No,12712,,9/15/2018 5:47:00 PM,0,0,4.56,0,,0,,,,UTC,,,,,The storm surge related peak is based on the maximum unfiltered water elevation measured with deployed pressure transducer on 9/15/18.,,,,System.Collections.Generic.HashSet`1[STNDB.data_file],System.Collections.Generic.HashSet`1[STNDB.hwm],,
33.912753,-78.146947,NAVD88,Laura Gurley,11888,NCBRU11888,Ocean Crest Fishing Pier,"SWaTH, South Atlantic",NC,Brunswick County,Atlantic Ocean,,,,,No,12713,,9/14/2018 4:58:00 PM,0,0,7.25,0,,0,,,,UTC,,,,,Based on maximum unfiltered water elevation measured with deployed pressure transducer.,,,,System.Collections.Generic.HashSet`1[STNDB.data_file],System.Collections.Generic.HashSet`1[STNDB.hwm],,
33.925757,-78.144644,NAVD88,Laura Gurley,11890,NCBRU11890,Waterway Park at AIW,"SWaTH, South Atlantic",NC,Brunswick County,AIW,,,,,No,12714,,9/15/2018 5:39:00 PM,0,0,4.72,0,,0,,,,UTC,,,,,Based on maximum unfiltered water elevation measured with deployed pressure transducer.,,,,System.Collections.Generic.HashSet`1[STNDB.data_file],System.Collections.Generic.HashSet`1[STNDB.hwm],,
33.895474,-78.018815,NAVD88,Laura Gurley,12048,NCBRU12048,NC Baptist Assembly at Ft Caswell,"SWaTH, South Atlantic",NC,Brunswick County,Elizabeth River at Cape Fear River,,,,,No,12715,,9/14/2018 5:13:00 PM,0,0,5.09,0,,0,,,,UTC,,,,,Based on maximum unfiltered water elevation measured with deployed pressure transducer.,,,,System.Collections.Generic.HashSet`1[STNDB.data_file],System.Collections.Generic.HashSet`1[STNDB.hwm],,
33.997868,-77.90542,NAVD88,Laura Gurley,6830,NCNEW00003,Kure Beach Fishing Pier,"SWaTH, South Atlantic",NC,New Hanover County,Atlantic Ocean,,,,,No,12716,,9/14/2018 3:50:00 PM,0,0,8.01,0,,0,,,,UTC,,,,,Based on maximum unfiltered water elevation measured with deployed pressure transducer.,,,,System.Collections.Generic.HashSet`1[STNDB.data_file],System.Collections.Generic.HashSet`1[STNDB.hwm],,
33.961281,-77.939748,NAVD88,Laura Gurley,6829,NCNEW00002,Fort Fisher Ferry Terminal,"South Atlantic, SWaTH",NC,New Hanover County,Cape Fear River,,,,,No,12717,,9/14/2018 6:03:00 PM,0,0,5.86,0,,0,,,,UTC,,,,,Based on maximum unfiltered water elevation measured with deployed pressure transducer.,,,,System.Collections.Generic.HashSet`1[STNDB.data_file],System.Collections.Generic.HashSet`1[STNDB.hwm],,
34.058474,-77.888678,NAVD88,Laura Gurley,12888,NCNEW12888,Joyner Marina at Snows Cut,"SWaTH, South Atlantic",NC,New Hanover County,AIW at Snows Cut,,,,,No,12718,,9/14/2018 4:11:00 PM,0,0,5.69,0,,0,,,,UTC,,,,,Based on maximum unfiltered water elevation measured with deployed pressure transducer.,,,,System.Collections.Generic.HashSet`1[STNDB.data_file],System.Collections.Generic.HashSet`1[STNDB.hwm],,
34.05068,-77.919022,NAVD88,Laura Gurley,12908,NCNEW12908,Carolina Beach State Park Marina,"South Atlantic, SWaTH",NC,New Hanover County,Cape Fear River at Snows Cut,,,,,No,12719,,9/14/2018 5:46:00 PM,0,0,5.84,0,,0,,,,UTC,,,,,Based on maximum unfiltered water elevation measured with deployed pressure transducer.,,,,System.Collections.Generic.HashSet`1[STNDB.data_file],System.Collections.Generic.HashSet`1[STNDB.hwm],,
34.113519,-77.925815,NAVD88,Laura Gurley,12948,NCNEW12948,River Road Park,"SWaTH, South Atlantic",NC,New Hanover County,Cape Fear River,,,,,No,12720,,9/14/2018 6:26:00 PM,0,0,5.76,0,,0,,,,UTC,,,,,Based on maximum unfiltered water elevation measured with deployed pressure transducer.,,,,System.Collections.Generic.HashSet`1[STNDB.data_file],System.Collections.Generic.HashSet`1[STNDB.hwm],,
34.151173,-77.86329,NAVD88,Laura Gurley,12848,NCNEW12848,Channel Haven subdivision canal to AIW,"SWaTH, South Atlantic",NC,New Hanover County,Canal to AIW,,,,,No,12721,,9/14/2018 3:55:00 PM,0,0,6.92,0,,0,,,,UTC,,,,,Based on maximum unfiltered water elevation measured with deployed pressure transducer.,,,,System.Collections.Generic.HashSet`1[STNDB.data_file],System.Collections.Generic.HashSet`1[STNDB.hwm],,
34.214237,-77.788392,NAVD88,Laura Gurley,6834,NCNEW00006,Johnnie Mercer's Pier,"South Atlantic, SWaTH",NC,New Hanover County,Atlantic Ocean,,,,,No,12722,,9/14/2018 2:56:00 PM,0,0,10.07,0,,0,,,,UTC,,,,,Based on maximum unfiltered water elevation measured with deployed pressure transducer.,,,,System.Collections.Generic.HashSet`1[STNDB.data_file],System.Collections.Generic.HashSet`1[STNDB.hwm],,
34.218354,-77.81145,NAVD88,Laura Gurley,13008,NCNEW13008,Wrightsville Beach Boating Access,"South Atlantic, SWaTH",NC,New Hanover County,Atlantic Intracoastal Waterway,,,,,No,12723,,9/14/2018 3:51:00 PM,0,0,6.96,0,,0,,,,UTC,,,,,Based on maximum unfiltered water elevation measured with deployed pressure transducer.,,,,System.Collections.Generic.HashSet`1[STNDB.data_file],System.Collections.Generic.HashSet`1[STNDB.hwm],,
34.235308,-77.776704,NAVD88,Laura Gurley,13629,NCNEW13629,N. Lumina Ave at Shell Island,"SWaTH, South Atlantic",NC,New Hanover County,Sound side near Mason Inlet,,,,,No,12724,,9/14/2018 4:00:00 PM,0,0,6.99,0,,0,,,,UTC,,,,,Based on maximum unfiltered water elevation measured with deployed pressure transducer.,,,,System.Collections.Generic.HashSet`1[STNDB.data_file],System.Collections.Generic.HashSet`1[STNDB.hwm],,
35.583299,-75.468634,NAVD88,Kris McSwain,12709,NCDAR12709,Waves Village Watersports Resort,"SWaTH, South Atlantic",NC,Dare County,Pamlico Sound,,,,,No,12726,,9/15/2018 6:19:00 AM,0,0,2.21,0,,0,,,,UTC,,,,,Based on maximum unfiltered water elevation measured with deployed pressure transducer.,,,,System.Collections.Generic.HashSet`1[STNDB.data_file],System.Collections.Generic.HashSet`1[STNDB.hwm],,
34.274486,-77.759413,NAVD88,Laura Gurley,6837,NCNEW00007,Draw Bridge at Figure 8 Island,"South Atlantic, SWaTH",NC,New Hanover County,Atlantic Intracoastal Waterway,,,,,No,12727,,9/14/2018 3:49:00 PM,0,0,7.35,0,,0,,,,UTC,,,,,Based on maximum unfiltered water elevation measured with deployed pressure transducer.,,,,System.Collections.Generic.HashSet`1[STNDB.data_file],System.Collections.Generic.HashSet`1[STNDB.hwm],,
34.189182,-77.81284,NAVD88,Laura Gurley,6833,NCNEW00005,USCG Station at Wrightsville Beach,"SWaTH, South Atlantic",NC,New Hanover County,Shinn Creek - Masonboro Inlet-Atlantic Ocean,,,,,No,12728,,9/14/2018 4:07:00 PM,0,0,6.52,0,,0,,,,UTC,,,,,Based on maximum unfiltered water elevation measured with deployed pressure transducer.,,,,System.Collections.Generic.HashSet`1[STNDB.data_file],System.Collections.Generic.HashSet`1[STNDB.hwm],,
35.58588,-75.465563,NAVD88,Kris McSwain,12708,NCDAR12708,Carribean Way Bridge in Hatteras Island Estates,"South Atlantic, SWaTH",NC,Dare County,Canal to Pamlico Sound,,,,,No,12729,,9/15/2018 6:31:00 AM,0,0,2.12,0,,0,,,,UTC,,,,,Based on maximum unfiltered water elevation measured with deployed pressure transducer.,,,,System.Collections.Generic.HashSet`1[STNDB.data_file],System.Collections.Generic.HashSet`1[STNDB.hwm],,
34.365359,-77.63164,NAVD88,Laura Gurley,6839,NCPEN00002,Bush Marina,"SWaTH, South Atlantic",NC,Pender County,Banks Channel to New Topsail Inlet,,,,,No,12730,,9/14/2018 4:14:00 PM,0,0,6.2,0,,0,,,,UTC,,,,,Based on maximum unfiltered water elevation measured with deployed pressure transducer.,,,,System.Collections.Generic.HashSet`1[STNDB.data_file],System.Collections.Generic.HashSet`1[STNDB.hwm],,
34.365421,-77.628153,NAVD88,Laura Gurley,6840,NCPEN00003,Jolly Roger Inn and Pier,"SWaTH, South Atlantic",NC,Pender County,Atlantic Ocean,,,,,No,12731,,9/14/2018 3:15:00 PM,0,0,11.44,0,,0,,,,UTC,,,,,Based on maximum unfiltered water elevation measured with deployed pressure transducer.,,,,System.Collections.Generic.HashSet`1[STNDB.data_file],System.Collections.Generic.HashSet`1[STNDB.hwm],,
34.366519,-77.664251,NAVD88,Laura Gurley,13408,NCPEN13408,Harbour Village Yacht Club,"South Atlantic, SWaTH",NC,Pender County,Atlantic Intracoastal Waterway,,,,,No,12732,,9/14/2018 4:09:00 PM,0,0,7.28,0,,0,,,,UTC,,,,,Based on maximum unfiltered water elevation measured with deployed pressure transducer.,,,,System.Collections.Generic.HashSet`1[STNDB.data_file],System.Collections.Generic.HashSet`1[STNDB.hwm],,
35.585065,-75.461409,NAVD88,Kris McSwain,12788,NCDAR12788,Rodanthe Pier,"South Atlantic, SWaTH",NC,Dare County,Atlantic Ocean,,,,,No,12733,,9/13/2018 2:54:00 PM,0,0,9.69,0,,0,,,,UTC,,,,,Based on maximum unfiltered water elevation measured with deployed pressure transducer.,,,,System.Collections.Generic.HashSet`1[STNDB.data_file],System.Collections.Generic.HashSet`1[STNDB.hwm],,
34.424783,-77.545347,NAVD88,Laura Gurley,13368,NCPEN13368,Surf City Pier,"SWaTH, South Atlantic",NC,Pender County,Atlantic Ocean,,,,,No,12734,,9/14/2018 3:31:00 PM,0,0,11.13,0,,0,,,,UTC,,,,,Based on maximum unfiltered water elevation measured with deployed pressure transducer.,,,,System.Collections.Generic.HashSet`1[STNDB.data_file],System.Collections.Generic.HashSet`1[STNDB.hwm],,
34.684809,-76.526024,NAVD88,Kris McSwain,6847,NCCAR00001,Cape Lookout National Seashore Visitor Center at Harkers Island,"South Atlantic, SWaTH",NC,Carteret County,Back Sound,,,,,No,12735,,9/14/2018 4:57:00 AM,0,0,4.49,0,,0,,,,UTC,,,,,Based on maximum unfiltered water elevation measured with deployed pressure transducer.,,,,System.Collections.Generic.HashSet`1[STNDB.data_file],System.Collections.Generic.HashSet`1[STNDB.hwm],,
34.717341,-76.670888,NAVD88,Kris McSwain,12248,NCCAR12248,Duke Marine Lab,"South Atlantic, SWaTH",NC,Carteret County,Taylor Creek,,,,,No,12736,,9/14/2018 5:53:00 AM,0,0,5.39,0,,0,,,,UTC,,,,,Based on maximum unfiltered water elevation measured with deployed pressure transducer.,,,,System.Collections.Generic.HashSet`1[STNDB.data_file],System.Collections.Generic.HashSet`1[STNDB.hwm],,
34.572761,-77.271106,NAVD88,Steve Harden,13208,NCONS13208,ICW Fishing Pier at Onslow Beach,"SWaTH, South Atlantic",NC,Onslow County,Atlantic Intracoastal Waterway,,,,,No,12737,,9/14/2018 3:47:00 PM,0,0,6.31,0,,0,,,,UTC,,,,,"Based on maximum unfiltered water elevation measured with deployed pressure transducer.
HWM is over 400 ft away from sensor.",,,,System.Collections.Generic.HashSet`1[STNDB.data_file],System.Collections.Generic.HashSet`1[STNDB.hwm],,
34.543665,-77.360821,NAVD88,Laura Gurley,13168,NCONS13168,New River Marina,"SWaTH, South Atlantic",NC,Onslow County,New River at AIW,,,,,No,12738,,9/14/2018 4:15:00 PM,0,0,5.29,0,,0,,,,UTC,,,,,Based on maximum unfiltered water elevation measured with deployed pressure transducer.,,,,System.Collections.Generic.HashSet`1[STNDB.data_file],System.Collections.Generic.HashSet`1[STNDB.hwm],,
34.516825,-77.369174,NAVD88,Laura Gurley,13189,NCONS13189,Dock off Barton Bay Ct,"SWaTH, South Atlantic",NC,Onslow County,Atlantic Intracoastal Waterway,,,,,No,12739,,9/14/2018 12:41:00 PM,0,0,4.32,0,,0,,,,UTC,,,,,Based on maximum storm-tide water elevation measured with deployed pressure transducer.,,,,System.Collections.Generic.HashSet`1[STNDB.data_file],System.Collections.Generic.HashSet`1[STNDB.hwm],,
34.696757,-76.78119,NAVD88,Kris McSwain,6852,NCCAR00006,Double Tree Hotel at Atlantic Beach,"South Atlantic, SWaTH",NC,Carteret County,Atlantic Ocean,,,,,No,12740,,9/13/2018 12:58:00 PM,0,0,10.96,0,,0,,,,UTC,,,,,Based on maximum unfiltered water elevation measured with deployed pressure transducer.,,,,System.Collections.Generic.HashSet`1[STNDB.data_file],System.Collections.Generic.HashSet`1[STNDB.hwm],,
34.69886,-76.681492,NAVD88,Kris McSwain,6853,NCCAR00007,USCG Station Fort Macon,"SWaTH, South Atlantic",NC,Carteret County,Fort Macon Creek at Beaufort Inlet,,,,,No,12741,,9/14/2018 4:28:00 AM,0,0,5.32,0,,0,,,,UTC,,,,,Based on maximum unfiltered water elevation measured with deployed pressure transducer.,,,,System.Collections.Generic.HashSet`1[STNDB.data_file],System.Collections.Generic.HashSet`1[STNDB.hwm],,
34.687525,-77.116884,NAVD88,Laura Gurley,6849,NCONS00001,Swansboro Bicentennial Park,"SWaTH, South Atlantic",NC,Onslow County,White Oak River,,,,,No,12742,,9/14/2018 5:11:00 PM,0,0,6.85,0,,0,,,,UTC,,,,,Based on maximum unfiltered water elevation measured with deployed pressure transducer.,,,,System.Collections.Generic.HashSet`1[STNDB.data_file],System.Collections.Generic.HashSet`1[STNDB.hwm],,
34.645247,-77.211589,NAVD88,Laura Gurley,13228,NCONS13228,Willis Landing Boating Access Area,"SWaTH, South Atlantic",NC,Onslow County,Bear Creek to AIW,,,,,No,12743,,9/14/2018 3:58:00 PM,0,0,6.96,0,,0,,,,UTC,,,,,Based on maximum unfiltered water elevation measured with deployed pressure transducer.,,,,System.Collections.Generic.HashSet`1[STNDB.data_file],System.Collections.Generic.HashSet`1[STNDB.hwm],,
34.671514,-77.006096,NAVD88,Laura Gurley,12411,NCCAR12411,Emerald Isle Boating Access Area,"South Atlantic, SWaTH",NC,Carteret County,Piney Creek at Bogue Sound,,,,,No,12744,,9/14/2018 8:26:00 PM,0,0,7.9,0,,0,,,,UTC,,,,,Based on maximum unfiltered water elevation measured with deployed pressure transducer.,,,,System.Collections.Generic.HashSet`1[STNDB.data_file],System.Collections.Generic.HashSet`1[STNDB.hwm],,
34.701507,-76.728505,NAVD88,Laura Gurley,12348,NCCAR12348,Anchorage Marina,"South Atlantic, SWaTH",NC,Carteret County,Money Island Bay - Bogue Sound,,,,,No,12745,,9/14/2018 5:02:00 AM,0,0,4.83,0,,0,,,,UTC,,,,,Based on maximum unfiltered water elevation measured with deployed pressure transducer.,,,,System.Collections.Generic.HashSet`1[STNDB.data_file],System.Collections.Generic.HashSet`1[STNDB.hwm],,
34.768051,-76.671437,NAVD88,Kris McSwain,12288,NCCAR12288,Carolina Marlin Club,"South Atlantic, SWaTH",NC,Carteret County,Harlowe Ck at Newport River,,,,,No,12746,,9/14/2018 3:54:00 PM,0,0,5.13,0,,0,,,,UTC,,,,,Based on maximum unfiltered water elevation measured with deployed pressure transducer.,,,,System.Collections.Generic.HashSet`1[STNDB.data_file],System.Collections.Generic.HashSet`1[STNDB.hwm],,
36.055145,-76.683985,NAVD88,Laura Gurley,12448,NCCHO12448,Edenhouse Bridge Boating Access Area,"South Atlantic, SWaTH",NC,Chowan County,Chowan River,,,,,No,12747,,9/15/2018 10:24:00 PM,0,0,2.62,0,,0,,,,UTC,,,,,Based on maximum unfiltered water elevation measured with deployed pressure transducer.,,,,System.Collections.Generic.HashSet`1[STNDB.data_file],System.Collections.Generic.HashSet`1[STNDB.hwm],,
34.7041,-76.781342,NAVD88,Kris McSwain,12408,NCCAR12408,Public Water Access at Pelican Drive,"SWaTH, South Atlantic",NC,Carteret County,Bogue Sound,,,,,No,12748,,9/14/2018 5:03:00 PM,0,0,4.71,0,,0,,,,UTC,,,,,Based on maximum unfiltered water elevation measured with deployed pressure transducer.,,,,System.Collections.Generic.HashSet`1[STNDB.data_file],System.Collections.Generic.HashSet`1[STNDB.hwm],,
36.166494,-75.867237,NAVD88,Kris McSwain,12568,NCCUR12568,Shore Dr at North River near Powells Point,"SWaTH, South Atlantic",NC,Currituck County,North River at Albemarle Sound,,,,,No,12749,,9/18/2018 1:37:00 PM,0,0,3.14,0,,0,,,,UTC,,,,,Based on maximum unfiltered water elevation measured with deployed pressure transducer.,,,,System.Collections.Generic.HashSet`1[STNDB.data_file],System.Collections.Generic.HashSet`1[STNDB.hwm],,
34.311277,-77.732979,NAVD88,Kris McSwain,6838,NCPEN00001,Scotts Hill Marina,"SWaTH, South Atlantic",NC,Pender County,AIW near Rich Inlet,,,,,No,12750,,9/14/2018 3:39:00 PM,0,0,7.92,0,,0,,,,UTC,,,,,Based on maximum unfiltered water elevation measured with deployed pressure transducer.,,,,System.Collections.Generic.HashSet`1[STNDB.data_file],System.Collections.Generic.HashSet`1[STNDB.hwm],,
34.660454,-77.03399,NAVD88,Steve Harden,12412,NCCAR12412,Bogue Inlet Pier,"SWaTH, South Atlantic",NC,Carteret County,Atlantic Ocean,,,,,No,12751,,9/13/2018 2:23:00 PM,0,0,9.76,0,,0,,,,UTC,,,,,Based on maximum unfiltered water elevation measured with deployed pressure transducer.,,,,System.Collections.Generic.HashSet`1[STNDB.data_file],System.Collections.Generic.HashSet`1[STNDB.hwm],,
34.648081,-77.095668,NAVD88,Steve Harden,6844,NCCAR00005,Emerald Isle Coast Guard Station,"SWaTH, South Atlantic",NC,Carteret County,Bank Channel at Bogue Inlet,,,,,No,12752,,9/14/2018 3:22:00 PM,0,0,6.17,0,,0,,,,UTC,,,,,Based on maximum unfiltered water elevation measured with deployed pressure transducer and associated HWM.,,,,System.Collections.Generic.HashSet`1[STNDB.data_file],System.Collections.Generic.HashSet`1[STNDB.hwm],,
33.911988,-78.083011,NAVD88,Kris McSwain,11892,NCBRU11892,May Moore Park,"SWaTH, South Atlantic",NC,Brunswick County,AIW,,,,,No,12754,,9/14/2018 5:57:00 PM,0,0,4.73,0,,0,,,,UTC,,,,,Based on maximum unfiltered water elevation measured with deployed pressure transducer.,,,,System.Collections.Generic.HashSet`1[STNDB.data_file],System.Collections.Generic.HashSet`1[STNDB.hwm],,
34.9447,-76.903418,NAVD88,Steve Harden,13628,NCCRA13628,"Pelican Point at Slocum Ck, Cherry Point MCAS","SWaTH, South Atlantic",NC,Craven County,Slocum Ck to Neuse River,,,,,No,12755,,9/14/2018 2:50:00 AM,0,0,10.31,0,,0,,,,UTC,,,,,Based on maximum unfiltered water elevation measured with deployed pressure transducer.,,,,System.Collections.Generic.HashSet`1[STNDB.data_file],System.Collections.Generic.HashSet`1[STNDB.hwm],,
34.502857,-77.39649,NAVD88,Steve Harden,6841,NCONS00002,Seaview Fishing Pier,"SWaTH, South Atlantic",NC,Onslow County,Atlantic Ocean,,,,,No,12756,,9/14/2018 3:10:00 PM,0,0,9.42,0,,0,,,,UTC,,,,,Based on maximum unfiltered water elevation measured with deployed pressure transducer.,,,,System.Collections.Generic.HashSet`1[STNDB.data_file],System.Collections.Generic.HashSet`1[STNDB.hwm],,
34.709529,-76.631983,NAVD88,Steve Harden,12228,NCCAR12228,Beaufort Boating Access Area,"South Atlantic, SWaTH",NC,Carteret County,Taylor Creek,,,,,No,12757,,9/14/2018 5:23:00 AM,0,0,5.42,0,,0,,,,UTC,,,,,Based on maximum unfiltered water elevation measured with deployed pressure transducer.,,,,System.Collections.Generic.HashSet`1[STNDB.data_file],System.Collections.Generic.HashSet`1[STNDB.hwm],,
34.789244,-76.608528,NAVD88,Kris McSwain,6858,NCCAR00012,North River at US Hwy 70,"South Atlantic, SWaTH",NC,Carteret County,North River,,,,,No,12758,,9/14/2018 6:31:00 AM,0,0,6.63,0,,0,,,,UTC,,,,,Based on maximum unfiltered water elevation measured with deployed pressure transducer.,,,,System.Collections.Generic.HashSet`1[STNDB.data_file],System.Collections.Generic.HashSet`1[STNDB.hwm],,
34.107129,-77.879175,NAVD88,Steve Harden,12868,NCNEW12868,The Tides Marina at AIW,"SWaTH, South Atlantic",NC,New Hanover County,AIW - Masonboro Sound,,,,,No,12759,,9/14/2018 3:56:00 PM,0,0,6.81,0,,0,,,,UTC,,,,,Based on maximum unfiltered water elevation measured with deployed pressure transducer.,,,,System.Collections.Generic.HashSet`1[STNDB.data_file],System.Collections.Generic.HashSet`1[STNDB.hwm],,
35.224217,-75.643217,NAVD88,Steve Harden,12729,NCDAR12729,Frisco beach access and bath house,"South Atlantic, SWaTH",NC,Dare County,Beachside - Atlantic Ocean,,,,,No,12760,,9/13/2018 2:28:00 PM,0,0,12.31,0,,0,,,,UTC,,,,,Based on maximum unfiltered water elevation measured with deployed pressure transducer.,,,,System.Collections.Generic.HashSet`1[STNDB.data_file],System.Collections.Generic.HashSet`1[STNDB.hwm],,
35.90963,-75.602093,NAVD88,Steve Harden,12631,NCDAR12631,The Landings at Sugar Creek,"SWaTH, South Atlantic",NC,Dare County,Roanoke Sound,,,,,No,12761,,9/18/2018 5:04:00 PM,0,0,2.43,0,,0,,,,UTC,,,,,Based on maximum unfiltered water elevation measured with deployed pressure transducer.,,,,System.Collections.Generic.HashSet`1[STNDB.data_file],System.Collections.Generic.HashSet`1[STNDB.hwm],,
33.946235,-78.22336,NAVD88,Steve Harden,12028,NCBRU12028,Garlands Fresh Seafood,"SWaTH, South Atlantic",NC,Brunswick County,Lockwoods Folly River,,,,,No,12766,,9/16/2018 6:29:00 PM,0,0,4.95,0,,0,,,,UTC,,,,,The river runoff related peak is based on the maximum unfiltered water elevation measured with deployed pressure transducer on 9/16/18.,,,,System.Collections.Generic.HashSet`1[STNDB.data_file],System.Collections.Generic.HashSet`1[STNDB.hwm],,
34.667729,-77.063345,NAVD88,Steve Harden,12413,NCCAR12413,"Bogue Sound @ NC HWY 58 @ Emerald Isle, NC","South Atlantic, SWaTH",NC,Carteret County,Bogue Sound,,,,,No,12816,,9/14/2018 8:36:00 AM,0,0,6.32,0,,0,,,,UTC,,,,,Based on maximum water elevation measured with rapid deployment gage.,,,,System.Collections.Generic.HashSet`1[STNDB.data_file],System.Collections.Generic.HashSet`1[STNDB.hwm],,
34.751175,-77.434251,NAVD88,Steve Harden,13068,NCONS13068,"New River at Old Bridge Street at Jacksonville, NC","SWaTH, South Atlantic",NC,Onslow County,New River,,,,,No,12817,,9/14/2018 8:12:00 PM,0,0,5.04,0,,0,,,,UTC,,,,,Peak on 9/14/18 t=1612 UTC considered to reflect storm surge; similar to downstream sensor @ NCONS13128.,,,,System.Collections.Generic.HashSet`1[STNDB.data_file],System.Collections.Generic.HashSet`1[STNDB.hwm],,
34.751175,-77.434251,NAVD88,Steve Harden,13068,NCONS13068,"New River at Old Bridge Street at Jacksonville, NC","SWaTH, South Atlantic",NC,Onslow County,New River,,,,,No,12818,,9/16/2018 7:18:00 AM,0,0,7.18,0,,0,,,,UTC,,,,,Peak on 09/16/18 t=0718 UTC considered to reflect riverine flood peak; similar to HWM site NCONS27004 350 ft downstream on left bank.,,,,System.Collections.Generic.HashSet`1[STNDB.data_file],System.Collections.Generic.HashSet`1[STNDB.hwm],,
35.960402,-76.489935,NAVD88,Steve Harden,13588,NCWAS13588,"Albemarle Sound @ NC Hwy 32/94 @ Leonards Point, NC","South Atlantic, SWaTH",NC,Washington County,Albemarle Sound,,,,,No,12819,,9/16/2018 11:06:00 AM,0,0,2.4,0,,0,,,,UTC,,,,,Based on maximum water elevation measured with rapid deployment gage.,,,,System.Collections.Generic.HashSet`1[STNDB.data_file],System.Collections.Generic.HashSet`1[STNDB.hwm],,
34.711352,-76.736834,NAVD88,Steve Harden,12388,NCCAR12388,"Bogue Sound @ SR 1182 @ Atlantic Bch, NC","South Atlantic, SWaTH",NC,Carteret County,Bogue Sound,,,,,No,12820,,9/14/2018 4:12:00 PM,0,0,5.16,0,,0,,,,UTC,,,,,Based on maximum water elevation measured with rapid deployment gage.,,,,System.Collections.Generic.HashSet`1[STNDB.data_file],System.Collections.Generic.HashSet`1[STNDB.hwm],,
34.216361,-77.793577,NAVD88,Steve Harden,12988,NCNEW12988,"Banks Channel @ US Hwy 74 @ Wrightsville Beach, NC","South Atlantic, SWaTH",NC,New Hanover County,Banks Channel to AIW,,,,,No,12824,,9/14/2018 3:48:00 PM,0,0,6.64,0,,0,,,,UTC,,,,,Based on maximum water elevation measured with rapid deployment gage.,,,,System.Collections.Generic.HashSet`1[STNDB.data_file],System.Collections.Generic.HashSet`1[STNDB.hwm],,
34.430754,-77.54927,NAVD88,Steve Harden,13448,NCPEN13448,"ICW @ NC Hwy 50/210 @ Surf City, NC","SWaTH, South Atlantic",NC,Pender County,Atlantic Intracoastal Waterway,,,,,No,12827,,9/14/2018 6:48:00 PM,0,0,4.96,0,,0,,,,UTC,,,,,Based on maximum water elevation measured with rapid deployment gage.,,,,System.Collections.Generic.HashSet`1[STNDB.data_file],System.Collections.Generic.HashSet`1[STNDB.hwm],,
35.102645,-77.036667,NAVD88,Steve Harden,12488,NCCRA12488,"Trent River @ US HWY 70 @ New Bern, NC","SWaTH, South Atlantic",NC,Craven County,Trent River,,,,,No,12829,,9/14/2018 4:00:00 AM,0,0,10.41,0,,0,,,,UTC,,,,,Based on maximum water elevation measured with rapid deployment gage.,,,,System.Collections.Generic.HashSet`1[STNDB.data_file],System.Collections.Generic.HashSet`1[STNDB.hwm],,
34.251827,-77.950131,NAVD88,Steve Harden,13028,NCNEW13028,"NECFR @ US Hwy 74/133 @ Wilmington, NC","South Atlantic, SWaTH",NC,New Hanover County,NE Cape Fear River,,,,,No,12833,,9/14/2018 7:48:00 PM,0,0,5.52,0,,0,,,,UTC,,,,,Water level of 5.52 ft NAVD88 on 09/14/18 t=1948 UTC considered to reflect storm surge peak.,,,,System.Collections.Generic.HashSet`1[STNDB.data_file],System.Collections.Generic.HashSet`1[STNDB.hwm],,
34.251827,-77.950131,NAVD88,Steve Harden,13028,NCNEW13028,"NECFR @ US Hwy 74/133 @ Wilmington, NC","South Atlantic, SWaTH",NC,New Hanover County,NE Cape Fear River,,,,,No,12834,,9/23/2018 1:42:00 AM,0,0,5.1,0,,0,,,,UTC,,,,,Water level of 5.10 ft NAVD88 on 09/23/18 t=0142 UTC considered to reflect riverine flood peak.,,,,System.Collections.Generic.HashSet`1[STNDB.data_file],System.Collections.Generic.HashSet`1[STNDB.hwm],,
33.89567,-78.43958,NAVD88,Steve Harden,26847,NCBRU26847,"Causeway Drive Bridge, Hwy 904 to Sunset Beach, NC",,NC,Brunswick County,AIW,,,,,No,12842,,9/15/2018 5:20:00 PM,0,0,4.53,0,,0,,,,UTC,,,,,Based on maximum water elevation measured with rapid deployment gage.,,,,System.Collections.Generic.HashSet`1[STNDB.data_file],System.Collections.Generic.HashSet`1[STNDB.hwm],,
33.92788,-78.15917,NAVD88,Steve Harden,26849,NCBRU26849,"EF Middleton Blvd Bridge, Hwy 1500 to Oak Island, NC",,NC,Brunswick County,AIW,,,,,No,12844,,9/15/2018 5:45:00 PM,0,0,5.03,0,,0,,,,UTC,,,,,Based on maximum water elevation measured with rapid deployment gage.,,,,System.Collections.Generic.HashSet`1[STNDB.data_file],System.Collections.Generic.HashSet`1[STNDB.hwm],,
35.244932,-76.59166,NAVD88,Steve Harden,13270,NCPAM13270,R.E. Mayo Seafood,"SWaTH, South Atlantic",NC,Pamlico County,AIW between Bay River and Goose Creek,,,,,No,12865,,9/14/2018 6:00:00 AM,0,0,5.7,1,,0,,,,UTC,,,,,"WL sensor mis-programmed and did not collect any data. Peak time estimated from nearby sensors, assumed to be 0600 UTC.",,,,System.Collections.Generic.HashSet`1[STNDB.data_file],System.Collections.Generic.HashSet`1[STNDB.hwm],,
34.36463,-77.89765,NAVD88,Steve Harden,26944,NCNEW26944,"NE Cape Fear R at Castle Hayne, NC",,NC,New Hanover County,NE Cape Fear River,,,,,No,12918,,9/21/2018 7:15:00 PM,0,0,11.79,0,,0,,,,UTC,,,,,Based on maximum water elevation measured with rapid deployment gage.,,,,System.Collections.Generic.HashSet`1[STNDB.data_file],System.Collections.Generic.HashSet`1[STNDB.hwm],,
34.496061,-77.411695,NAVD88,Steve Harden,13048,NCONS13048,Onslow County Beach Access #4,"SWaTH, South Atlantic",NC,Onslow County,Atlantic Ocean,,,,,No,12992,,9/14/2018 3:07:00 PM,0,0,9.44,0,,0,,,,UTC,,,,,"Based on maximum unfiltered water elevation measured with deployed pressure transducer. Note, survey uncertainty of wave sensor elevation not reported by NC Sea Grant.",,,,System.Collections.Generic.HashSet`1[STNDB.data_file],System.Collections.Generic.HashSet`1[STNDB.hwm],,
34.496908,-77.412661,NAVD88,Steve Harden,27840,NCONS27840,Soundside Bath House across street from Onslow County Beach Access #4,South Atlantic,NC,Onslow County,Alligator Bay,,,,,No,12993,,9/14/2018 2:59:00 PM,0,0,6.03,0,,0,,,,UTC,,,,,"Based on maximum unfiltered water elevation measured with deployed pressure transducer. Note, survey uncertainty of wave sensor elevation not reported by NC Sea Grant.",,,,System.Collections.Generic.HashSet`1[STNDB.data_file],System.Collections.Generic.HashSet`1[STNDB.hwm],,
34.353896,-77.644828,NAVD88,Steve Harden,27842,NCPEN27842,Fire hydrant @ S. Anderson Blvd & Florida Ave,South Atlantic,NC,Pender County,Atlantic Ocean and Banks Channel,,,,,No,12994,,9/14/2018 3:50:00 PM,0,0,6.4,0,,0,,,,UTC,,,,,"Based on maximum unfiltered water elevation measured with deployed pressure transducer. Note, survey uncertainty of wave sensor elevation not reported by NC Sea Grant.",,,,System.Collections.Generic.HashSet`1[STNDB.data_file],System.Collections.Generic.HashSet`1[STNDB.hwm],,
34.354896,-77.645416,NAVD88,Steve Harden,27843,NCPEN27843,Boat Ramp beside 1516 Carolina Blvd,South Atlantic,NC,Pender County,Banks Channel,,,,,No,12995,,9/14/2018 3:50:00 PM,0,0,6.54,0,,0,,,,UTC,,,,,"Based on maximum unfiltered water elevation measured with deployed pressure transducer. Note, survey uncertainty of wave sensor elevation not reported by NC Sea Grant.",,,,System.Collections.Generic.HashSet`1[STNDB.data_file],System.Collections.Generic.HashSet`1[STNDB.hwm],,
34.210384,-77.795025,NAVD88,Steve Harden,27847,NCNEW27847,Traffic barrier at end of W Atlanta St,South Atlantic,NC,New Hanover County,Banks Channel,,,,,No,12996,,9/14/2018 3:51:00 PM,0,0,6.28,0,,0,,,,UTC,,,,,"Based on maximum unfiltered water elevation measured with deployed pressure transducer. Note, survey uncertainty of wave sensor elevation not reported by NC Sea Grant.",,,,System.Collections.Generic.HashSet`1[STNDB.data_file],System.Collections.Generic.HashSet`1[STNDB.hwm],,
34.211816,-77.797411,NAVD88,Steve Harden,27848,NCNEW27848,Private Dock on N Channel Dr at 2nd Avenue,South Atlantic,NC,New Hanover County,Banks Channel,,,,,No,12997,,9/14/2018 3:51:00 PM,0,0,6.67,0,,0,,,,UTC,,,,,"Based on maximum unfiltered water elevation measured with deployed pressure transducer. Note, survey uncertainty of wave sensor elevation not reported by NC Sea Grant.",,,,System.Collections.Generic.HashSet`1[STNDB.data_file],System.Collections.Generic.HashSet`1[STNDB.hwm],,
34.212415,-77.798486,NAVD88,Steve Harden,27845,NCNEW27845,Street Post at 2nd Ave and Coral Dr,South Atlantic,NC,New Hanover County,Banks Channel,,,,,No,12998,,9/14/2018 3:58:00 PM,0,0,6.43,0,,0,,,,UTC,,,,,"Based on maximum unfiltered water elevation measured with deployed pressure transducer. Note, survey uncertainty of wave sensor elevation not reported by NC Sea Grant.",,,,System.Collections.Generic.HashSet`1[STNDB.data_file],System.Collections.Generic.HashSet`1[STNDB.hwm],,
